"family","edge_lambda","edge_beta","Type"
"Calcariidae",0.249482651206859,4.26235351220979,"Monophyletic"
"Calcariidae",0.171977573031961,3.65036755844458,"Monophyletic"
"Calcariidae",0.173851403311362,3.83503800681689,"Monophyletic"
"Calcariidae",0.192020699744296,3.39106423002715,"Monophyletic"
"Calcariidae",0.192020699744296,3.38515879473598,"Monophyletic"
"Calcariidae",0.259396570063144,4.30687034109206,"Monophyletic"
"Calcariidae",0.179405514814155,3.69059809991151,"Monophyletic"
"Calcariidae",0.19032813881946,3.96537430971043,"Monophyletic"
"Calcariidae",0.137701301699611,3.55953582947996,"Monophyletic"
"Calcariidae",0.137390846766671,3.53385516059068,"Monophyletic"
"Icteridae",0.633842555408498,4.55173421004048,"Monophyletic"
"Icteridae",0.66332879747231,4.46587409879352,"Monophyletic"
"Icteridae",0.558436541901263,4.25425846875541,"Monophyletic"
"Icteridae",0.454595457509084,4.02211279960604,"Monophyletic"
"Icteridae",0.424314252493629,3.9470280626734,"Monophyletic"
"Icteridae",0.406299467411045,3.90048455048565,"Monophyletic"
"Icteridae",0.379400531533711,3.82882052268628,"Monophyletic"
"Icteridae",0.361256847680145,3.7789141912946,"Monophyletic"
"Icteridae",0.347891830854243,3.74026758514855,"Monophyletic"
"Icteridae",0.308376066856076,3.62175262163846,"Monophyletic"
"Icteridae",0.278522259432413,3.3624647696402,"Monophyletic"
"Icteridae",0.278522259432413,3.35730903066946,"Monophyletic"
"Icteridae",0.332226945422056,3.69397156442563,"Monophyletic"
"Icteridae",0.325332707714647,3.67348655295037,"Monophyletic"
"Icteridae",0.320929940415401,3.6606128740947,"Monophyletic"
"Icteridae",0.296508766854859,3.4124071709056,"Monophyletic"
"Icteridae",0.296508766854859,3.42483267735727,"Monophyletic"
"Icteridae",0.312839640152213,3.63577314576564,"Monophyletic"
"Icteridae",0.291593459339828,3.56925426427409,"Monophyletic"
"Icteridae",0.278576097012461,3.3675620743108,"Monophyletic"
"Icteridae",0.278576097012461,3.35873429935487,"Monophyletic"
"Icteridae",0.288879196077555,3.39202692372015,"Monophyletic"
"Icteridae",0.322889775007436,3.66654344460293,"Monophyletic"
"Icteridae",0.296827479093405,3.4157325936846,"Monophyletic"
"Icteridae",0.30552028619164,3.41613840393323,"Monophyletic"
"Icteridae",0.350716690399713,3.74869868832926,"Monophyletic"
"Icteridae",0.308172652705677,3.44367477951204,"Monophyletic"
"Icteridae",0.308172652705677,3.44465438487198,"Monophyletic"
"Icteridae",0.318694074021845,3.47486767082907,"Monophyletic"
"Icteridae",0.331646590898456,3.50473440213001,"Monophyletic"
"Icteridae",0.340580597648069,3.5491461226702,"Monophyletic"
"Icteridae",0.41005914742431,3.9092747953155,"Monophyletic"
"Icteridae",0.329258098157545,3.50297609425566,"Monophyletic"
"Icteridae",0.383097286703379,3.83705782359877,"Monophyletic"
"Icteridae",0.363235501458516,3.78158781787668,"Monophyletic"
"Icteridae",0.31150381999903,3.45276550545053,"Monophyletic"
"Icteridae",0.31150381999903,3.44665706188224,"Monophyletic"
"Icteridae",0.346359799265258,3.73161955469102,"Monophyletic"
"Icteridae",0.311572755390074,3.62566596336309,"Monophyletic"
"Icteridae",0.290305053909932,3.38154601691463,"Monophyletic"
"Icteridae",0.290305053909932,3.38589840136213,"Monophyletic"
"Icteridae",0.296444507451585,3.39793125984713,"Monophyletic"
"Icteridae",0.435969086938147,3.97603760109269,"Monophyletic"
"Icteridae",0.380059219626723,3.83326266695826,"Monophyletic"
"Icteridae",0.321647286548345,3.49760465222571,"Monophyletic"
"Icteridae",0.3258388474747,3.67560022270036,"Monophyletic"
"Icteridae",0.282940201479601,3.36766763399423,"Monophyletic"
"Icteridae",0.282940201479601,3.36605968091069,"Monophyletic"
"Icteridae",0.36129552529017,3.78178148063849,"Monophyletic"
"Icteridae",0.30293519288831,3.61051550789044,"Monophyletic"
"Icteridae",0.277169932331541,3.35300362866818,"Monophyletic"
"Icteridae",0.277169932331541,3.36832359825769,"Monophyletic"
"Icteridae",0.327507702083282,3.68399458209536,"Monophyletic"
"Icteridae",0.324430825605088,3.6749093703221,"Monophyletic"
"Icteridae",0.320660185261093,3.66364111695072,"Monophyletic"
"Icteridae",0.309766499315202,3.63025853778759,"Monophyletic"
"Icteridae",0.288402917234817,3.43181670643323,"Monophyletic"
"Icteridae",0.288402917234817,3.38571512209277,"Monophyletic"
"Icteridae",0.296636233577821,3.42227609033359,"Monophyletic"
"Icteridae",0.298739191173917,3.42001262485146,"Monophyletic"
"Icteridae",0.317849332481325,3.65493874883425,"Monophyletic"
"Icteridae",0.292547514295459,3.43531074535878,"Monophyletic"
"Icteridae",0.292547514295459,3.42419409484593,"Monophyletic"
"Icteridae",0.56748839375449,4.27558681882002,"Monophyletic"
"Icteridae",0.485995561474257,4.10002979744612,"Monophyletic"
"Icteridae",0.43738547518222,3.98183071988733,"Monophyletic"
"Icteridae",0.382719701885645,3.84028897091237,"Monophyletic"
"Icteridae",0.318461958860094,3.51044337856283,"Monophyletic"
"Icteridae",0.328636928189336,3.68299077387894,"Monophyletic"
"Icteridae",0.285109266225108,3.37289139918822,"Monophyletic"
"Icteridae",0.285109266225108,3.38720798227483,"Monophyletic"
"Icteridae",0.35191130034816,3.72486548061928,"Monophyletic"
"Icteridae",0.305756798179762,3.38657858948915,"Monophyletic"
"Icteridae",0.305756798179762,3.38071088642286,"Monophyletic"
"Icteridae",0.373889626002727,3.61199505245628,"Monophyletic"
"Icteridae",0.489778993170898,4.10884226990115,"Monophyletic"
"Icteridae",0.476086188701174,4.07681223073405,"Monophyletic"
"Icteridae",0.448988536996783,4.01197008716868,"Monophyletic"
"Icteridae",0.409265089009315,3.91267768763877,"Monophyletic"
"Icteridae",0.328800746999313,3.50815440948319,"Monophyletic"
"Icteridae",0.382669568605739,3.84224236086184,"Monophyletic"
"Icteridae",0.358431414444164,3.77496970253772,"Monophyletic"
"Icteridae",0.30714328860463,3.44630035394176,"Monophyletic"
"Icteridae",0.30714328860463,3.44260763586098,"Monophyletic"
"Icteridae",0.352274675767982,3.75623020627462,"Monophyletic"
"Icteridae",0.301649842120803,3.42475962487736,"Monophyletic"
"Icteridae",0.319814493230639,3.66052391138253,"Monophyletic"
"Icteridae",0.305110501914673,3.61741639398685,"Monophyletic"
"Icteridae",0.287571036736925,3.4121245875355,"Monophyletic"
"Icteridae",0.292194930323082,3.58026835535077,"Monophyletic"
"Icteridae",0.280437322166806,3.38183921667362,"Monophyletic"
"Icteridae",0.280437322166806,3.38687926388916,"Monophyletic"
"Icteridae",0.30762579808881,3.62253020813787,"Monophyletic"
"Icteridae",0.289978777079257,3.39766153530924,"Monophyletic"
"Icteridae",0.289978777079257,3.38804510265847,"Monophyletic"
"Icteridae",0.381966999349565,3.842843912176,"Monophyletic"
"Icteridae",0.305593836379851,3.47574725802404,"Monophyletic"
"Icteridae",0.305593836379851,3.44188295135022,"Monophyletic"
"Icteridae",0.450319769961047,4.01487354766835,"Monophyletic"
"Icteridae",0.428401512655414,3.96052309050545,"Monophyletic"
"Icteridae",0.406364359012662,3.90462239083046,"Monophyletic"
"Icteridae",0.329155014732803,3.52238164068116,"Monophyletic"
"Icteridae",0.329155014732803,3.51209455974024,"Monophyletic"
"Icteridae",0.416373197793287,3.92952432398246,"Monophyletic"
"Icteridae",0.404132033472949,3.89784926832536,"Monophyletic"
"Icteridae",0.396026060064339,3.87693096213025,"Monophyletic"
"Icteridae",0.378576228348377,3.83159082419289,"Monophyletic"
"Icteridae",0.318019886783382,3.47892190944133,"Monophyletic"
"Icteridae",0.319341206837594,3.6644183875548,"Monophyletic"
"Icteridae",0.27709684006534,3.38422517194494,"Monophyletic"
"Icteridae",0.27709684006534,3.35931488024464,"Monophyletic"
"Icteridae",0.391068060936468,3.86422246996981,"Monophyletic"
"Icteridae",0.372471526494435,3.81318779463564,"Monophyletic"
"Icteridae",0.314207268202737,3.46794419644793,"Monophyletic"
"Icteridae",0.317016368188123,3.46571039227214,"Monophyletic"
"Icteridae",0.381465716315784,3.84078489749903,"Monophyletic"
"Icteridae",0.342416114757626,3.73533691430214,"Monophyletic"
"Icteridae",0.304720403461715,3.6212629642545,"Monophyletic"
"Icteridae",0.286135544870461,3.38737742402991,"Monophyletic"
"Icteridae",0.286135544870461,3.39380155302704,"Monophyletic"
"Icteridae",0.294049523361294,3.44686110527178,"Monophyletic"
"Icteridae",0.333161722232022,3.7228613982179,"Monophyletic"
"Icteridae",0.285781883338495,3.48514090623455,"Monophyletic"
"Icteridae",0.285781883338495,3.45674754660309,"Monophyletic"
"Icteridae",0.333384014724902,3.5281866235448,"Monophyletic"
"Icteridae",0.337734143623186,3.53309648323201,"Monophyletic"
"Icteridae",0.428302601657756,3.96014970405393,"Monophyletic"
"Icteridae",0.364523166775797,3.78744926392858,"Monophyletic"
"Icteridae",0.293469519569492,3.39443868681752,"Monophyletic"
"Icteridae",0.293476200280574,3.41169507582633,"Monophyletic"
"Icteridae",0.41749180327837,3.93203024967236,"Monophyletic"
"Icteridae",0.339916367369314,3.55047429340388,"Monophyletic"
"Icteridae",0.402946682220641,3.89507643470322,"Monophyletic"
"Icteridae",0.331151655335953,3.52898209720774,"Monophyletic"
"Icteridae",0.331326791901769,3.51824540019384,"Monophyletic"
"Icteridae",0.419185691937772,3.9459866254178,"Monophyletic"
"Icteridae",0.316249115646002,3.48856469149707,"Monophyletic"
"Icteridae",0.348963238324237,3.76390199192342,"Monophyletic"
"Icteridae",0.305575404931152,3.46248080079677,"Monophyletic"
"Icteridae",0.321197878359029,3.6847323194649,"Monophyletic"
"Icteridae",0.303466250097409,3.63732494769899,"Monophyletic"
"Icteridae",0.288489419977512,3.41939142367238,"Monophyletic"
"Icteridae",0.288489419977512,3.48791877360049,"Monophyletic"
"Icteridae",0.290447954519528,3.42293548945165,"Monophyletic"
"Icteridae",0.654685440319621,4.45099405228808,"Monophyletic"
"Icteridae",0.541400522512085,4.22268077572831,"Monophyletic"
"Icteridae",0.358187445954842,3.58954086713757,"Monophyletic"
"Icteridae",0.45068998227292,4.02205934360567,"Monophyletic"
"Icteridae",0.43394635126053,3.98201365903006,"Monophyletic"
"Icteridae",0.422180018016693,3.95327790546479,"Monophyletic"
"Icteridae",0.408976258584735,3.91958440373976,"Monophyletic"
"Icteridae",0.393633775503837,3.87967950210769,"Monophyletic"
"Icteridae",0.349080902030908,3.75632870434134,"Monophyletic"
"Icteridae",0.293263371312278,3.41143863476348,"Monophyletic"
"Icteridae",0.310878823581056,3.64335739788526,"Monophyletic"
"Icteridae",0.289311379779285,3.39953444678912,"Monophyletic"
"Icteridae",0.289311379779285,3.40909154184202,"Monophyletic"
"Icteridae",0.325608863278973,3.50512870218044,"Monophyletic"
"Icteridae",0.385184602021941,3.85733478908951,"Monophyletic"
"Icteridae",0.318244599935752,3.49238323155428,"Monophyletic"
"Icteridae",0.318244599935752,3.49900828120958,"Monophyletic"
"Icteridae",0.378312389786021,3.84029631819103,"Monophyletic"
"Icteridae",0.306261993294047,3.47887770248215,"Monophyletic"
"Icteridae",0.306261993294047,3.46707384464342,"Monophyletic"
"Icteridae",0.344014135124935,3.5963660363034,"Monophyletic"
"Icteridae",0.402951901255128,3.90499431292127,"Monophyletic"
"Icteridae",0.346841486112201,3.75411780748275,"Monophyletic"
"Icteridae",0.298575785260866,3.432513744279,"Monophyletic"
"Icteridae",0.323139825566475,3.66966214940761,"Monophyletic"
"Icteridae",0.299438287202342,3.41107345628192,"Monophyletic"
"Icteridae",0.299438287202342,3.40885190029933,"Monophyletic"
"Icteridae",0.345108507368888,3.76892651013501,"Monophyletic"
"Icteridae",0.297020827844062,3.50694363176991,"Monophyletic"
"Icteridae",0.30574850804276,3.68349516043122,"Monophyletic"
"Icteridae",0.285000304934728,3.44815537595148,"Monophyletic"
"Icteridae",0.287883910852238,3.63673669147804,"Monophyletic"
"Icteridae",0.283968692301329,3.6288725092405,"Monophyletic"
"Icteridae",0.276955212431833,3.73376964459563,"Monophyletic"
"Icteridae",0.276955212431833,3.45170180621053,"Monophyletic"
"Icteridae",0.279529811125041,3.45512392117518,"Monophyletic"
"Icteridae",0.425805604727987,3.80450338372404,"Monophyletic"
"Icteridae",0.58738090717509,4.5581468560188,"Monophyletic"
"Icteridae",0.55621205216712,4.48873771858209,"Monophyletic"
"Icteridae",0.497325956282592,4.34871141333409,"Monophyletic"
"Icteridae",0.35440478885968,3.95327614864647,"Monophyletic"
"Icteridae",0.248894523039471,3.43171265432762,"Monophyletic"
"Icteridae",0.248894523039471,3.42308505820049,"Monophyletic"
"Icteridae",0.374020219005389,4.01357022652919,"Monophyletic"
"Icteridae",0.30121304098329,3.78767796851445,"Monophyletic"
"Icteridae",0.272234792917091,3.68571633649097,"Monophyletic"
"Icteridae",0.237832452870608,3.39330280277332,"Monophyletic"
"Icteridae",0.237832452870608,3.39546584689105,"Monophyletic"
"Icteridae",0.259801343242165,3.46115816950945,"Monophyletic"
"Icteridae",0.274412582017477,3.69223356123005,"Monophyletic"
"Icteridae",0.234974674660163,3.37204278452364,"Monophyletic"
"Icteridae",0.234974674660163,3.37896004059801,"Monophyletic"
"Icteridae",0.364565853133561,3.82907497495208,"Monophyletic"
"Icteridae",0.368799724958394,3.81548751931801,"Monophyletic"
"Parulidae",0.515348737957384,4.30949340163055,"Monophyletic"
"Parulidae",0.514401180845188,4.24307382920605,"Monophyletic"
"Parulidae",0.523466548736723,4.21311093075981,"Monophyletic"
"Parulidae",0.414276007122743,3.98524623648107,"Monophyletic"
"Parulidae",0.281247899349406,3.47840699775358,"Monophyletic"
"Parulidae",0.281247899349406,3.48061146062635,"Monophyletic"
"Parulidae",0.509809361653169,4.18704025020186,"Monophyletic"
"Parulidae",0.431555304466961,4.0234659168053,"Monophyletic"
"Parulidae",0.300356776613802,3.53209523744442,"Monophyletic"
"Parulidae",0.319892294999728,3.75106317247948,"Monophyletic"
"Parulidae",0.25779478476798,3.40146943956543,"Monophyletic"
"Parulidae",0.25779478476798,3.39343075573655,"Monophyletic"
"Parulidae",0.494428346764304,4.15779117279742,"Monophyletic"
"Parulidae",0.470355017984049,4.10843699415196,"Monophyletic"
"Parulidae",0.336264890965957,3.59144602071561,"Monophyletic"
"Parulidae",0.334961272151338,3.59546666922549,"Monophyletic"
"Parulidae",0.34798208094197,3.65007065257581,"Monophyletic"
"Parulidae",0.586270834834932,4.21267868719133,"Monophyletic"
"Parulidae",0.597307724814578,4.16480405102752,"Monophyletic"
"Parulidae",0.551602091778005,4.09617050481263,"Monophyletic"
"Parulidae",0.512680818378717,4.03356001861293,"Monophyletic"
"Parulidae",0.482557252658907,3.98267902659311,"Monophyletic"
"Parulidae",0.357796053569045,3.55075067279054,"Monophyletic"
"Parulidae",0.464434429261535,3.95134992270021,"Monophyletic"
"Parulidae",0.427285092654723,3.88489364869158,"Monophyletic"
"Parulidae",0.370627639456823,3.77322634721343,"Monophyletic"
"Parulidae",0.302852753632979,3.44176002780034,"Monophyletic"
"Parulidae",0.302852753632979,3.43637059686239,"Monophyletic"
"Parulidae",0.327327834663667,3.5116073142741,"Monophyletic"
"Parulidae",0.428244349289149,3.88398112801581,"Monophyletic"
"Parulidae",0.345564821171322,3.71646654186239,"Monophyletic"
"Parulidae",0.280651173419747,3.41811135899947,"Monophyletic"
"Parulidae",0.280651173419747,3.41845203088997,"Monophyletic"
"Parulidae",0.360645420170038,3.74478994839192,"Monophyletic"
"Parulidae",0.293558193176506,3.41726371515933,"Monophyletic"
"Parulidae",0.293558193176506,3.41398952192162,"Monophyletic"
"Parulidae",0.476127100702842,3.97077860432261,"Monophyletic"
"Parulidae",0.440091730044769,3.90555942146664,"Monophyletic"
"Parulidae",0.415214180119134,3.85861844239576,"Monophyletic"
"Parulidae",0.331629023756414,3.49726475197063,"Monophyletic"
"Parulidae",0.387377074091435,3.80307355679974,"Monophyletic"
"Parulidae",0.3234277161386,3.66194971557399,"Monophyletic"
"Parulidae",0.274882165026321,3.36745902413088,"Monophyletic"
"Parulidae",0.274882165026321,3.3720206076301,"Monophyletic"
"Parulidae",0.313094268021273,3.47544225622374,"Monophyletic"
"Parulidae",0.333871466848748,3.53773063669335,"Monophyletic"
"Parulidae",0.444021241800509,3.89820869818887,"Monophyletic"
"Parulidae",0.40695634079495,3.81442967552267,"Monophyletic"
"Parulidae",0.370240821000623,3.73643495606158,"Monophyletic"
"Parulidae",0.312396689250763,3.4338236527517,"Monophyletic"
"Parulidae",0.351803822569565,3.69481493211797,"Monophyletic"
"Parulidae",0.347784875999533,3.68577026162188,"Monophyletic"
"Parulidae",0.307862020757502,3.41359875561773,"Monophyletic"
"Parulidae",0.342302915679679,3.67345275050436,"Monophyletic"
"Parulidae",0.304486132057622,3.40976368179269,"Monophyletic"
"Parulidae",0.334435156623183,3.65502841809036,"Monophyletic"
"Parulidae",0.318858968749896,3.61758121951542,"Monophyletic"
"Parulidae",0.306541648026534,3.36834795356719,"Monophyletic"
"Parulidae",0.288576202257396,3.37479252256202,"Monophyletic"
"Parulidae",0.300598606571834,3.39803145009898,"Monophyletic"
"Parulidae",0.347044322656077,3.6838790737183,"Monophyletic"
"Parulidae",0.329825502331144,3.64398208328291,"Monophyletic"
"Parulidae",0.296706345414479,3.56245070088143,"Monophyletic"
"Parulidae",0.275812381022487,3.34050456846614,"Monophyletic"
"Parulidae",0.275812381022487,3.33999844652808,"Monophyletic"
"Parulidae",0.300161936188171,3.38869912757764,"Monophyletic"
"Parulidae",0.307186326488316,3.43619917433495,"Monophyletic"
"Parulidae",0.326262481088572,3.46136302137047,"Monophyletic"
"Parulidae",0.343827010295472,3.50182643173347,"Monophyletic"
"Parulidae",0.511736338331288,4.03214010190637,"Monophyletic"
"Parulidae",0.436633957501389,3.89848416962728,"Monophyletic"
"Parulidae",0.380909071997194,3.7896803240096,"Monophyletic"
"Parulidae",0.316994248667912,3.4798309201607,"Monophyletic"
"Parulidae",0.316994248667912,3.46165380203216,"Monophyletic"
"Parulidae",0.381951925157838,3.79178207435925,"Monophyletic"
"Parulidae",0.317902587828391,3.46614024139676,"Monophyletic"
"Parulidae",0.37378723008779,3.77449213089366,"Monophyletic"
"Parulidae",0.3605327550034,3.7456813017182,"Monophyletic"
"Parulidae",0.306174572602354,3.43798550517785,"Monophyletic"
"Parulidae",0.306174572602354,3.4421380304869,"Monophyletic"
"Parulidae",0.333565133376721,3.68649318692619,"Monophyletic"
"Parulidae",0.28235459210218,3.38500272878812,"Monophyletic"
"Parulidae",0.28235459210218,3.38285310657348,"Monophyletic"
"Parulidae",0.472552783221319,3.96520071447108,"Monophyletic"
"Parulidae",0.450318354701998,3.92525168038307,"Monophyletic"
"Parulidae",0.347332842583218,3.52311947688508,"Monophyletic"
"Parulidae",0.435464009474288,3.89736564703372,"Monophyletic"
"Parulidae",0.38749571669727,3.80125311711573,"Monophyletic"
"Parulidae",0.30696766706196,3.4424854232775,"Monophyletic"
"Parulidae",0.30696766706196,3.44586133928023,"Monophyletic"
"Parulidae",0.338228054743516,3.53343425529315,"Monophyletic"
"Parulidae",0.444783430855587,3.91488553892983,"Monophyletic"
"Parulidae",0.373222569201727,3.7702785288247,"Monophyletic"
"Parulidae",0.290931824842217,3.40310312622805,"Monophyletic"
"Parulidae",0.290931824842217,3.42216387633104,"Monophyletic"
"Parulidae",0.423540841022108,3.87456797712072,"Monophyletic"
"Parulidae",0.331752972264858,3.5288076894893,"Monophyletic"
"Parulidae",0.332782461418192,3.50793067336815,"Monophyletic"
"Parulidae",0.531429344471182,4.09290780328717,"Monophyletic"
"Parulidae",0.366612775917336,3.6306063639988,"Monophyletic"
"Parulidae",0.47788774638259,4.03379414018578,"Monophyletic"
"Parulidae",0.453299782759754,3.99457317679708,"Monophyletic"
"Parulidae",0.44075957150653,3.97116215565053,"Monophyletic"
"Parulidae",0.343437898516333,3.57982530032373,"Monophyletic"
"Parulidae",0.432905602203081,3.95607386347736,"Monophyletic"
"Parulidae",0.425063184204223,3.94181402139536,"Monophyletic"
"Parulidae",0.336851466986741,3.56502650772595,"Monophyletic"
"Parulidae",0.420582967342376,3.93290638355126,"Monophyletic"
"Parulidae",0.416358968727997,3.92582242045728,"Monophyletic"
"Parulidae",0.400905540111215,3.89566033347803,"Monophyletic"
"Parulidae",0.378829400816934,3.86986175931247,"Monophyletic"
"Parulidae",0.314084806684331,3.61368219518884,"Monophyletic"
"Parulidae",0.314084806684331,3.55207559642881,"Monophyletic"
"Parulidae",0.365980804461648,3.82327496751888,"Monophyletic"
"Parulidae",0.339094218272969,3.76105358056038,"Monophyletic"
"Parulidae",0.298558867795415,3.48850086862016,"Monophyletic"
"Parulidae",0.298558867795415,3.47627746894657,"Monophyletic"
"Parulidae",0.305897264931597,3.48765202552636,"Monophyletic"
"Parulidae",0.333277789734165,3.57255520756331,"Monophyletic"
"Parulidae",0.416024236167641,3.92391449251348,"Monophyletic"
"Parulidae",0.407852318594363,3.90729361102974,"Monophyletic"
"Parulidae",0.370285847162443,3.82884955621573,"Monophyletic"
"Parulidae",0.337608589856498,3.75213190299677,"Monophyletic"
"Parulidae",0.330374688360004,3.72993585869727,"Monophyletic"
"Parulidae",0.310620487958074,3.7014323303458,"Monophyletic"
"Parulidae",0.287215186915827,3.46422269004391,"Monophyletic"
"Parulidae",0.287215186915827,3.54903146837055,"Monophyletic"
"Parulidae",0.29716961791995,3.49209268654417,"Monophyletic"
"Parulidae",0.333896511314603,3.72828148699794,"Monophyletic"
"Parulidae",0.307136613064618,3.65929173991269,"Monophyletic"
"Parulidae",0.280838670647858,3.40830201143588,"Monophyletic"
"Parulidae",0.280838670647858,3.40971958498061,"Monophyletic"
"Parulidae",0.309176872676226,3.66448095550436,"Monophyletic"
"Parulidae",0.286630543694262,3.60341190216395,"Monophyletic"
"Parulidae",0.277810618354243,3.3985010746185,"Monophyletic"
"Parulidae",0.277810618354243,3.40062459498354,"Monophyletic"
"Parulidae",0.286876913549365,3.60468174773171,"Monophyletic"
"Parulidae",0.278050997490154,3.40230882888005,"Monophyletic"
"Parulidae",0.278050997490154,3.41527154653568,"Monophyletic"
"Parulidae",0.31914423098958,3.77831784648851,"Monophyletic"
"Parulidae",0.283547729096124,3.94917985698998,"Monophyletic"
"Parulidae",0.282465000919096,3.56469247201852,"Monophyletic"
"Parulidae",0.394322685970874,3.87880538646355,"Monophyletic"
"Parulidae",0.320333706410312,3.53788768685274,"Monophyletic"
"Parulidae",0.378614113983879,3.84475757317462,"Monophyletic"
"Parulidae",0.315495644863284,3.52321064429042,"Monophyletic"
"Parulidae",0.368913134733992,3.82336893655763,"Monophyletic"
"Parulidae",0.31281387033587,3.50907612146777,"Monophyletic"
"Parulidae",0.342812262643446,3.76318165905772,"Monophyletic"
"Parulidae",0.292316718389734,3.45356741194225,"Monophyletic"
"Parulidae",0.292316718389734,3.45869507986904,"Monophyletic"
"Parulidae",0.332793493776111,3.55081753321923,"Monophyletic"
"Parulidae",0.422053617355057,3.9365821516028,"Monophyletic"
"Parulidae",0.334325303640586,3.57253075375876,"Monophyletic"
"Parulidae",0.407509753030954,3.9092760703414,"Monophyletic"
"Parulidae",0.335637016833725,3.75037028097492,"Monophyletic"
"Parulidae",0.272617663574377,3.43639907908172,"Monophyletic"
"Parulidae",0.272617663574377,3.42052127372366,"Monophyletic"
"Parulidae",0.327594424137289,3.72662240118123,"Monophyletic"
"Parulidae",0.348709177214425,3.58334206685335,"Monophyletic"
"Parulidae",0.452400054002057,3.9920471139184,"Monophyletic"
"Parulidae",0.345761176328545,3.57599622400431,"Monophyletic"
"Parulidae",0.431553789461544,3.95231015150548,"Monophyletic"
"Parulidae",0.33653009562598,3.56159950158621,"Monophyletic"
"Parulidae",0.33653009562598,3.57623853136113,"Monophyletic"
"Parulidae",0.61538742724707,4.19079204503664,"Monophyletic"
"Parulidae",0.533854935630347,4.0566410893466,"Monophyletic"
"Parulidae",0.369036094272665,3.73935449158106,"Monophyletic"
"Parulidae",0.282409795755302,3.35898435635609,"Monophyletic"
"Parulidae",0.282409795755302,3.36294248889029,"Monophyletic"
"Parulidae",0.437949312245205,3.88746678894903,"Monophyletic"
"Parulidae",0.338482632981619,3.51605203349963,"Monophyletic"
"Parulidae",0.363394934988745,3.72590865351932,"Monophyletic"
"Parulidae",0.298585551326091,3.38765549913453,"Monophyletic"
"Parulidae",0.313645105405373,3.60471822180455,"Monophyletic"
"Parulidae",0.2935751398746,3.38563029666207,"Monophyletic"
"Parulidae",0.304268878666776,3.57983634024366,"Monophyletic"
"Parulidae",0.289578018311408,3.36908578785607,"Monophyletic"
"Parulidae",0.299110125462603,3.5657407325748,"Monophyletic"
"Parulidae",0.288564714929341,3.36598814459292,"Monophyletic"
"Parulidae",0.288564714929341,3.36016955941266,"Monophyletic"
"Parulidae",0.527745549698351,4.05768001321551,"Monophyletic"
"Parulidae",0.442747353783498,3.91918148568905,"Monophyletic"
"Parulidae",0.339990138156092,3.7197047979786,"Monophyletic"
"Parulidae",0.339990138156092,3.55181770206149,"Monophyletic"
"Parulidae",0.439625245909917,3.90757003420494,"Monophyletic"
"Parulidae",0.364687809178224,3.73632217315847,"Monophyletic"
"Parulidae",0.288015907450785,3.38351909328142,"Monophyletic"
"Parulidae",0.288015907450785,3.38072646443244,"Monophyletic"
"Parulidae",0.42645112996837,3.86351884572497,"Monophyletic"
"Parulidae",0.417102508144543,3.84588500440974,"Monophyletic"
"Parulidae",0.335313192742326,3.50875804260066,"Monophyletic"
"Parulidae",0.411383849162349,3.8350619520121,"Monophyletic"
"Parulidae",0.376452843289894,3.75620981681856,"Monophyletic"
"Parulidae",0.34140734997892,3.66949809997135,"Monophyletic"
"Parulidae",0.308096381416431,3.414646072524,"Monophyletic"
"Parulidae",0.308510692587983,3.42686725333314,"Monophyletic"
"Parulidae",0.353626880390563,3.63515727536234,"Monophyletic"
"Parulidae",0.364843830083804,3.60381915381792,"Monophyletic"
"Parulidae",0.356922970234981,3.58389438231692,"Monophyletic"
"Parulidae",0.350293266739945,3.38616200870484,"Monophyletic"
"Parulidae",0.352162503009572,3.56952826195429,"Monophyletic"
"Parulidae",0.349503413087892,3.40311440083656,"Monophyletic"
"Parulidae",0.349503413087892,3.38130221523734,"Monophyletic"
"Parulidae",0.35422503223938,3.41254801172717,"Monophyletic"
"Parulidae",0.358056069703128,3.3875756238222,"Monophyletic"
"Parulidae",0.335047636091704,3.54889709404044,"Monophyletic"
"Parulidae",0.33995223948903,3.51760692084935,"Monophyletic"
"Parulidae",0.350410423044014,3.70851940106665,"Monophyletic"
"Parulidae",0.345702776747641,3.7313394461184,"Monophyletic"
"Passerellidae",0.431374541397852,4.71695606207317,"Monophyletic"
"Passerellidae",0.376771513095734,4.56669962070406,"Monophyletic"
"Passerellidae",0.314517240660645,4.37762955588743,"Monophyletic"
"Passerellidae",0.250718441802821,4.15408941643215,"Monophyletic"
"Passerellidae",0.162548349525425,3.59070544499974,"Monophyletic"
"Passerellidae",0.162548349525425,3.59173807815815,"Monophyletic"
"Passerellidae",0.267861323111058,4.21818214285771,"Monophyletic"
"Passerellidae",0.228536042248173,4.06815657763617,"Monophyletic"
"Passerellidae",0.189660022160108,3.90094016713607,"Monophyletic"
"Passerellidae",0.167316847008751,3.79382276057101,"Monophyletic"
"Passerellidae",0.156822328276006,3.74260305771629,"Monophyletic"
"Passerellidae",0.133671650223755,3.4411396785735,"Monophyletic"
"Passerellidae",0.136925195898898,3.44991840609361,"Monophyletic"
"Passerellidae",0.136894569946603,3.45541241132001,"Monophyletic"
"Passerellidae",0.143089017579406,3.49040111223142,"Monophyletic"
"Passerellidae",0.158204029920377,3.56979048419715,"Monophyletic"
"Passerellidae",0.175234214577816,3.6460471482674,"Monophyletic"
"Passerellidae",0.210462362474681,3.78968691237495,"Monophyletic"
"Passerellidae",0.3578303948735,4.51214234656987,"Monophyletic"
"Passerellidae",0.302403220913405,4.3411666296587,"Monophyletic"
"Passerellidae",0.281629239646691,4.26804078249882,"Monophyletic"
"Passerellidae",0.26090889953285,4.1944641471566,"Monophyletic"
"Passerellidae",0.232392845138459,4.08462428552326,"Monophyletic"
"Passerellidae",0.191426878006618,3.9098867311874,"Monophyletic"
"Passerellidae",0.141065460830555,3.48622198358933,"Monophyletic"
"Passerellidae",0.143400095473616,3.48316829631735,"Monophyletic"
"Passerellidae",0.16015526147084,3.56842518189674,"Monophyletic"
"Passerellidae",0.225903046694906,4.05792098778273,"Monophyletic"
"Passerellidae",0.155133765115705,3.56331843914665,"Monophyletic"
"Passerellidae",0.189171658235019,3.89943062978012,"Monophyletic"
"Passerellidae",0.143902199532942,3.49731224413293,"Monophyletic"
"Passerellidae",0.143902199532942,3.49021310077021,"Monophyletic"
"Passerellidae",0.239678390729965,4.11298620845331,"Monophyletic"
"Passerellidae",0.158468612463488,3.57034422723312,"Monophyletic"
"Passerellidae",0.159217514994663,3.57222636059359,"Monophyletic"
"Passerellidae",0.285646076728231,4.28198660074191,"Monophyletic"
"Passerellidae",0.262138149806806,4.19803579459704,"Monophyletic"
"Passerellidae",0.224873036082679,4.05478085001593,"Monophyletic"
"Passerellidae",0.156135363886278,3.56048385819662,"Monophyletic"
"Passerellidae",0.156135363886278,3.57393997935502,"Monophyletic"
"Passerellidae",0.20429238707115,3.96759751003106,"Monophyletic"
"Passerellidae",0.140171979675765,3.48481404638058,"Monophyletic"
"Passerellidae",0.140171979675765,3.48792317125108,"Monophyletic"
"Passerellidae",0.257631361729855,4.18244034841161,"Monophyletic"
"Passerellidae",0.169197682026519,3.62029575503986,"Monophyletic"
"Passerellidae",0.169197682026519,3.61687955893019,"Monophyletic"
"Passerellidae",0.2630931363685,4.20724788820484,"Monophyletic"
"Passerellidae",0.161899927931507,3.6553735349541,"Monophyletic"
"Passerellidae",0.20660764522541,3.99444297381185,"Monophyletic"
"Passerellidae",0.152631644787289,3.55711109729193,"Monophyletic"
"Passerellidae",0.151731069630927,3.55667841803385,"Monophyletic"
"Passerellidae",0.445997722110636,4.75692880816191,"Monophyletic"
"Passerellidae",0.404059806627813,4.64598775621303,"Monophyletic"
"Passerellidae",0.344311201638426,4.45181167578643,"Monophyletic"
"Passerellidae",0.305079842652116,4.29478771133745,"Monophyletic"
"Passerellidae",0.238975274484294,4.05936086535643,"Monophyletic"
"Passerellidae",0.18377251438476,3.83512555594253,"Monophyletic"
"Passerellidae",0.143975243815375,3.47767592316425,"Monophyletic"
"Passerellidae",0.175198316721718,3.7952259436386,"Monophyletic"
"Passerellidae",0.142885179955476,3.4547091811784,"Monophyletic"
"Passerellidae",0.171559993629724,3.77765405530949,"Monophyletic"
"Passerellidae",0.140796288552791,3.45068683165537,"Monophyletic"
"Passerellidae",0.140796288552791,3.44287588548281,"Monophyletic"
"Passerellidae",0.153507229192103,3.48789371124468,"Monophyletic"
"Passerellidae",0.249400803730002,4.10164658103763,"Monophyletic"
"Passerellidae",0.202485376234391,3.91965607480712,"Monophyletic"
"Passerellidae",0.152179192404533,3.5052306765778,"Monophyletic"
"Passerellidae",0.186637853808116,3.85129594594597,"Monophyletic"
"Passerellidae",0.144937821605097,3.4808663666097,"Monophyletic"
"Passerellidae",0.144937821605097,3.48849226836382,"Monophyletic"
"Passerellidae",0.195707704775199,3.89383495120341,"Monophyletic"
"Passerellidae",0.146612776146591,3.48675411538488,"Monophyletic"
"Passerellidae",0.146612776146591,3.4887861631635,"Monophyletic"
"Passerellidae",0.304617474424557,4.29269400569989,"Monophyletic"
"Passerellidae",0.204600266636381,3.91599446273729,"Monophyletic"
"Passerellidae",0.125790347988059,3.36974948737496,"Monophyletic"
"Passerellidae",0.125790347988059,3.37353278846462,"Monophyletic"
"Passerellidae",0.228478581096351,4.0237362705651,"Monophyletic"
"Passerellidae",0.143002943498794,3.47031199868629,"Monophyletic"
"Passerellidae",0.143002943498794,3.4748882960715,"Monophyletic"
"Passerellidae",0.356547306732133,4.51096783182127,"Monophyletic"
"Passerellidae",0.33250219443229,4.43846130815036,"Monophyletic"
"Passerellidae",0.289645697531971,4.29738581423259,"Monophyletic"
"Passerellidae",0.178009577191886,3.64953749316731,"Monophyletic"
"Passerellidae",0.252164130646288,4.16467264147787,"Monophyletic"
"Passerellidae",0.173315980098504,3.64841536918946,"Monophyletic"
"Passerellidae",0.234954429831499,4.09877317381364,"Monophyletic"
"Passerellidae",0.205917665528372,3.97889671537996,"Monophyletic"
"Passerellidae",0.149855535859887,3.52854926176434,"Monophyletic"
"Passerellidae",0.165494997710964,3.78808022019061,"Monophyletic"
"Passerellidae",0.144344156664565,3.65357124025198,"Monophyletic"
"Passerellidae",0.131113607427385,3.39970719849201,"Monophyletic"
"Passerellidae",0.131113607427385,3.40149118117041,"Monophyletic"
"Passerellidae",0.136983490677657,3.60889906147279,"Monophyletic"
"Passerellidae",0.12427713423493,3.35273724045359,"Monophyletic"
"Passerellidae",0.124263540655688,3.35986700898981,"Monophyletic"
"Passerellidae",0.184008995966864,3.84710293442812,"Monophyletic"
"Passerellidae",0.148247948315097,3.4261709936333,"Monophyletic"
"Passerellidae",0.156511698824186,3.63177054597397,"Monophyletic"
"Passerellidae",0.14597831392614,3.57244004326009,"Monophyletic"
"Passerellidae",0.138135640071885,3.3590657417857,"Monophyletic"
"Passerellidae",0.138135640071885,3.3686477845425,"Monophyletic"
"Passerellidae",0.144312157048325,3.38014331572983,"Monophyletic"
"Passerellidae",0.289909323664638,4.29815013708686,"Monophyletic"
"Passerellidae",0.243211545702073,4.1379315424866,"Monophyletic"
"Passerellidae",0.172715976963101,3.81238980892924,"Monophyletic"
"Passerellidae",0.133716995299661,3.36359551685734,"Monophyletic"
"Passerellidae",0.133716995299661,3.36675163945624,"Monophyletic"
"Passerellidae",0.166225236561083,3.62228210123919,"Monophyletic"
"Passerellidae",0.253013972754815,4.16756600890909,"Monophyletic"
"Passerellidae",0.242279669437175,4.12673031049788,"Monophyletic"
"Passerellidae",0.196075846740158,3.93245683380566,"Monophyletic"
"Passerellidae",0.137286803461082,3.46579817601983,"Monophyletic"
"Passerellidae",0.154224833997184,3.73345127656742,"Monophyletic"
"Passerellidae",0.135455851633862,3.62815246506989,"Monophyletic"
"Passerellidae",0.119983869139232,3.36078965036981,"Monophyletic"
"Passerellidae",0.119983869139232,3.36473189140563,"Monophyletic"
"Passerellidae",0.130963515186031,3.44171010188413,"Monophyletic"
"Passerellidae",0.223355140718401,4.05288018886621,"Monophyletic"
"Passerellidae",0.205299058589571,3.98193958812758,"Monophyletic"
"Passerellidae",0.153695535745661,3.55461712630144,"Monophyletic"
"Passerellidae",0.153695535745661,3.58856660277751,"Monophyletic"
"Passerellidae",0.204628054514742,3.97648591392475,"Monophyletic"
"Passerellidae",0.179541817475535,3.86386329162396,"Monophyletic"
"Passerellidae",0.13776391428118,3.48325268189656,"Monophyletic"
"Passerellidae",0.150620782329924,3.72241634741466,"Monophyletic"
"Passerellidae",0.127289582435652,3.44047397832948,"Monophyletic"
"Passerellidae",0.127289582435652,3.42023535448318,"Monophyletic"
"Passerellidae",0.190904588017794,3.91665696112419,"Monophyletic"
"Passerellidae",0.147257985264128,3.53201315825334,"Monophyletic"
"Passerellidae",0.147257985264128,3.51862817593079,"Monophyletic"
"Passerellidae",0.173787363722631,3.63011031769241,"Monophyletic"
"Passerellidae",0.303421833459169,3.09762276715295,"Monophyletic"
"Passerellidae",0.266377089367254,1.18404992894099,"Monophyletic"
"Passerellidae",0.347191148184663,1.14716274515764,"Monophyletic"
"Passerellidae",0.396480830870159,1.08166266894689,"Monophyletic"
"Passerellidae",0.345850070280806,1.04875360922532,"Monophyletic"
"Passerellidae",0.364497469502277,1.04903221879862,"Monophyletic"
"Passerellidae",0.342932623349552,1.00531063020747,"Monophyletic"
"Passerellidae",0.346206647855247,1.02951717119029,"Monophyletic"
"Passerellidae",0.328930500557632,0.99431183714921,"Monophyletic"
"Passerellidae",0.328930500557632,0.975330353318435,"Monophyletic"
"Passerellidae",0.485053072465976,1.09001467366,"Monophyletic"
"Passerellidae",0.590676250209852,1.05047327000632,"Monophyletic"
"Passerellidae",0.682172586842915,1.03408948562635,"Monophyletic"
"Passerellidae",0.681631660692196,1.03046268178081,"Monophyletic"
"Passerellidae",0.668355946855892,1.01784801953593,"Monophyletic"
"Passerellidae",0.641783397911836,0.959288985405491,"Monophyletic"
"Passerellidae",0.646930971980471,0.997969593049106,"Monophyletic"
"Passerellidae",0.631791888277905,0.950202759161544,"Monophyletic"
"Passerellidae",0.631791888277905,0.95316431498035,"Monophyletic"
"Passerellidae",0.652267882467691,0.971934412941462,"Monophyletic"
"Passerellidae",0.67705905095847,1.02613706577565,"Monophyletic"
"Passerellidae",0.64804790669029,0.969708548427699,"Monophyletic"
"Passerellidae",0.665441517756585,1.01507619297618,"Monophyletic"
"Passerellidae",0.640824307258611,0.965171788893215,"Monophyletic"
"Passerellidae",0.656625772457809,1.00659530009988,"Monophyletic"
"Passerellidae",0.639656805976907,0.96858525594113,"Monophyletic"
"Passerellidae",0.650230185582872,1.00039266038181,"Monophyletic"
"Passerellidae",0.646716697776137,0.996967475086806,"Monophyletic"
"Passerellidae",0.636251533478444,0.969429949249531,"Monophyletic"
"Passerellidae",0.645009961290778,0.995298259528276,"Monophyletic"
"Passerellidae",0.643345438514517,0.993667346693158,"Monophyletic"
"Passerellidae",0.638828799467446,0.98926135771382,"Monophyletic"
"Passerellidae",0.630973041050963,0.958373004605942,"Monophyletic"
"Passerellidae",0.630973041050963,0.952283241754967,"Monophyletic"
"Passerellidae",0.641480995099458,0.993387496113343,"Monophyletic"
"Passerellidae",0.63356208468708,0.951004009178173,"Monophyletic"
"Passerellidae",0.63356208468708,0.96482820486545,"Monophyletic"
"Passerellidae",0.641582642998154,0.99193573510652,"Monophyletic"
"Passerellidae",0.632913324287316,0.957174648778155,"Monophyletic"
"Passerellidae",0.632913324287316,0.959663274271762,"Monophyletic"
"Passerellidae",0.637040260513119,0.954975462933242,"Monophyletic"
"Passerellidae",0.678709788787569,1.03177787551914,"Monophyletic"
"Passerellidae",0.670948838315953,1.02425029103458,"Monophyletic"
"Passerellidae",0.644708278099931,0.98387370030481,"Monophyletic"
"Passerellidae",0.663510479407339,1.01704288455047,"Monophyletic"
"Passerellidae",0.64113214882342,0.963606436986581,"Monophyletic"
"Passerellidae",0.64113214882342,0.974768090406203,"Monophyletic"
"Passerellidae",0.666773514968895,1.0201969892386,"Monophyletic"
"Passerellidae",0.640831654391491,0.968717936615196,"Monophyletic"
"Passerellidae",0.644585420300576,0.998428862324945,"Monophyletic"
"Passerellidae",0.627069685253715,0.953333919029617,"Monophyletic"
"Passerellidae",0.627069685253715,0.956330870020208,"Monophyletic"
"Passerellidae",0.515145822840383,1.03938087816256,"Monophyletic"
"Passerellidae",0.479072246672624,0.972766783128112,"Monophyletic"
"Passerellidae",0.475916429490868,0.963417468344805,"Monophyletic"
"Passerellidae",0.253404911325183,1.17042684346804,"Monophyletic"
"Passerellidae",0.171922478986153,1.08032032227683,"Monophyletic"
"Passerellidae",0.171922478986153,1.05117623303381,"Monophyletic"
"Passerellidae",0.248929461097799,1.16879747395857,"Monophyletic"
"Passerellidae",0.222921444459742,1.14237788714668,"Monophyletic"
"Passerellidae",0.210289950621,1.12900728116766,"Monophyletic"
"Passerellidae",0.183933812829442,1.09962688602548,"Monophyletic"
"Passerellidae",0.162837639746997,1.0749768621638,"Monophyletic"
"Passerellidae",0.144817573064453,1.05758462013251,"Monophyletic"
"Passerellidae",0.122991912704791,1.00220521504008,"Monophyletic"
"Passerellidae",0.122991912704791,0.994750724594565,"Monophyletic"
"Passerellidae",0.136823624257581,1.01116550232787,"Monophyletic"
"Passerellidae",0.139138763976058,1.01478101090715,"Monophyletic"
"Passerellidae",0.155702216812285,1.03372053487309,"Monophyletic"
"Passerellidae",0.20448920218801,1.12284283737671,"Monophyletic"
"Passerellidae",0.150877374221474,1.02980967100239,"Monophyletic"
"Passerellidae",0.150877374221474,1.04132858686703,"Monophyletic"
"Passerellidae",0.212557227383859,1.13136836455797,"Monophyletic"
"Passerellidae",0.183856354565786,1.10357907512697,"Monophyletic"
"Passerellidae",0.14176769423445,1.03911863258665,"Monophyletic"
"Passerellidae",0.14176769423445,1.023149318192,"Monophyletic"
"Passerellidae",0.152720782288326,1.03140488035695,"Monophyletic"
"Passerellidae",0.402642226923516,4.64297801757862,"Monophyletic"
"Passerellidae",0.327979979431131,4.42507412704506,"Monophyletic"
"Passerellidae",0.275709731960274,4.25619560201008,"Monophyletic"
"Passerellidae",0.179443982924446,3.67739688942462,"Monophyletic"
"Passerellidae",0.179443982924446,3.66497673928944,"Monophyletic"
"Passerellidae",0.267193528815026,4.22652720074129,"Monophyletic"
"Passerellidae",0.173505428199362,3.69320153051159,"Monophyletic"
"Passerellidae",0.173112223622805,3.65069603162554,"Monophyletic"
"Passerellidae",0.283571812475898,4.27120781703066,"Monophyletic"
"Passerellidae",0.158641471149699,3.59913279823944,"Monophyletic"
"Passerellidae",0.196290747971111,3.93759804707229,"Monophyletic"
"Passerellidae",0.177902725426191,3.85155722274148,"Monophyletic"
"Passerellidae",0.169610711575355,3.80980063434541,"Monophyletic"
"Passerellidae",0.163201921768639,3.77637235103812,"Monophyletic"
"Passerellidae",0.137366153725269,3.45517337439922,"Monophyletic"
"Passerellidae",0.137096927406461,3.45866643501687,"Monophyletic"
"Passerellidae",0.139189313524107,3.47335676429661,"Monophyletic"
"Passerellidae",0.142788447570307,3.49082930576417,"Monophyletic"
"Passerellidae",0.146438383546748,3.50766090818376,"Monophyletic"
"Cardinallidae",0.447562464064567,4.75981772049875,"Monophyletic"
"Cardinallidae",0.404760437202204,4.64771763162758,"Monophyletic"
"Cardinallidae",0.348432558596249,4.48695784117715,"Monophyletic"
"Cardinallidae",0.286244999383639,4.28703497114837,"Monophyletic"
"Cardinallidae",0.232503167927833,4.08876590195609,"Monophyletic"
"Cardinallidae",0.205366900136891,3.97859350629037,"Monophyletic"
"Cardinallidae",0.181982417790836,3.87332065206024,"Monophyletic"
"Cardinallidae",0.139019466925243,3.48372823984912,"Monophyletic"
"Cardinallidae",0.138730131928267,3.48384793866343,"Monophyletic"
"Cardinallidae",0.153979575687724,3.59122591300183,"Monophyletic"
"Cardinallidae",0.201641577841845,3.96106829283789,"Monophyletic"
"Cardinallidae",0.187668339356051,3.89768403498685,"Monophyletic"
"Cardinallidae",0.146707985020953,3.50710889228988,"Monophyletic"
"Cardinallidae",0.161568210250212,3.7709492530461,"Monophyletic"
"Cardinallidae",0.128524560894372,3.41894703866207,"Monophyletic"
"Cardinallidae",0.135399604585472,3.41633420280597,"Monophyletic"
"Cardinallidae",0.150923559694843,3.53288603898096,"Monophyletic"
"Cardinallidae",0.24852237228169,4.1523651377035,"Monophyletic"
"Cardinallidae",0.213041893180562,4.00874762006063,"Monophyletic"
"Cardinallidae",0.169879246580642,3.81481238044258,"Monophyletic"
"Cardinallidae",0.133985532111781,3.46041209476193,"Monophyletic"
"Cardinallidae",0.133985532111781,3.45207853762794,"Monophyletic"
"Cardinallidae",0.148525208125424,3.53039749917988,"Monophyletic"
"Cardinallidae",0.17241324273703,3.61873849062034,"Monophyletic"
"Cardinallidae",0.200227875739255,3.78546134137807,"Monophyletic"
"Cardinallidae",0.303284276304408,4.34125084605446,"Monophyletic"
"Cardinallidae",0.169641373215655,3.63516969453768,"Monophyletic"
"Cardinallidae",0.22386640081275,4.064476627396,"Monophyletic"
"Cardinallidae",0.158117236293206,3.63137195580575,"Monophyletic"
"Cardinallidae",0.158117236293206,3.59136090711794,"Monophyletic"
"Cardinallidae",0.422156702792387,4.69464353565724,"Monophyletic"
"Cardinallidae",0.396782066378823,4.6264533526869,"Monophyletic"
"Cardinallidae",0.352856749697427,4.50055413120087,"Monophyletic"
"Cardinallidae",0.257659462099752,4.18952343298908,"Monophyletic"
"Cardinallidae",0.153888231852876,3.55841625079863,"Monophyletic"
"Cardinallidae",0.195698811512106,3.95043082423238,"Monophyletic"
"Cardinallidae",0.150539375676388,3.57800809121952,"Monophyletic"
"Cardinallidae",0.150539375676388,3.55259573960945,"Monophyletic"
"Cardinallidae",0.298713448557443,4.33047521110905,"Monophyletic"
"Cardinallidae",0.209828912418292,3.99576273942602,"Monophyletic"
"Cardinallidae",0.135623593538411,3.47456593367076,"Monophyletic"
"Cardinallidae",0.135623593538411,3.47451654481805,"Monophyletic"
"Cardinallidae",0.184608126113407,3.68452858147515,"Monophyletic"
"Cardinallidae",0.344299831026652,4.47438613604592,"Monophyletic"
"Cardinallidae",0.271229549765786,4.23403241170505,"Monophyletic"
"Cardinallidae",0.222923316795803,4.05193919364206,"Monophyletic"
"Cardinallidae",0.15814647900534,3.59519944826039,"Monophyletic"
"Cardinallidae",0.207264197948346,3.9888706991045,"Monophyletic"
"Cardinallidae",0.185212569657881,3.87324026113597,"Monophyletic"
"Cardinallidae",0.15392783529991,3.47883350054708,"Monophyletic"
"Cardinallidae",0.153722158715474,3.46430741792359,"Monophyletic"
"Cardinallidae",0.201738593070087,3.96522621939997,"Monophyletic"
"Cardinallidae",0.153785321385785,3.54729437741305,"Monophyletic"
"Cardinallidae",0.153785321385785,3.5651528369909,"Monophyletic"
"Cardinallidae",0.168591371243505,3.64031206837776,"Monophyletic"
"Cardinallidae",0.273622634894538,4.24396781112025,"Monophyletic"
"Cardinallidae",0.170319104261535,3.62398919967326,"Monophyletic"
"Cardinallidae",0.221298706837666,4.04470420471792,"Monophyletic"
"Cardinallidae",0.155456667941695,3.56277308048347,"Monophyletic"
"Cardinallidae",0.155456667941695,3.57135013069117,"Monophyletic"
"Cardinallidae",0.343984145358048,4.46989795697979,"Monophyletic"
"Cardinallidae",0.229103637815001,4.07102140171819,"Monophyletic"
"Cardinallidae",0.175598020364371,3.84539774322137,"Monophyletic"
"Cardinallidae",0.140662136621781,3.50381948037207,"Monophyletic"
"Cardinallidae",0.140662136621781,3.49473822536025,"Monophyletic"
"Cardinallidae",0.146587018135423,3.51806242275037,"Monophyletic"
"Cardinallidae",0.24980082769773,4.15333108456625,"Monophyletic"
"Cardinallidae",0.161893608496359,3.58787722235188,"Monophyletic"
"Cardinallidae",0.186532060030727,3.8891285010084,"Monophyletic"
"Cardinallidae",0.138998906434034,3.45765027573392,"Monophyletic"
"Cardinallidae",0.135546903999689,3.45467328462503,"Monophyletic"
"Cardinallidae",0.288011566477171,4.27379796575848,"Monophyletic"
"Cardinallidae",0.161325115522352,3.78485403879929,"Monophyletic"
"Cardinallidae",0.150404324444738,3.7297765034112,"Monophyletic"
"Cardinallidae",0.12880228813286,3.43798989600233,"Monophyletic"
"Cardinallidae",0.132814574023832,3.63382487220761,"Monophyletic"
"Cardinallidae",0.119584223061261,3.39601376558415,"Monophyletic"
"Cardinallidae",0.119584223061261,3.39555696577073,"Monophyletic"
"Cardinallidae",0.135977798826259,3.4785210247153,"Monophyletic"
"Cardinallidae",0.138634464353716,3.48354879467927,"Monophyletic"
"Thraupidae",0.526084570488545,1.93908725429569,"Monophyletic"
"Thraupidae",0.511783330787226,1.81948380291378,"Monophyletic"
"Thraupidae",0.492104127909922,1.79771562041636,"Monophyletic"
"Thraupidae",0.318624807179884,1.57071737074874,"Monophyletic"
"Thraupidae",0.153144498348797,1.22974945439712,"Monophyletic"
"Thraupidae",0.153144498348797,1.22429699391541,"Monophyletic"
"Thraupidae",0.45368873408805,1.75327514095626,"Monophyletic"
"Thraupidae",0.41962339362869,1.71217675955413,"Monophyletic"
"Thraupidae",0.400890906509864,1.68866738577101,"Monophyletic"
"Thraupidae",0.27192396305172,1.49922397865208,"Monophyletic"
"Thraupidae",0.162536357581624,1.30264619133175,"Monophyletic"
"Thraupidae",0.129826288610354,1.15851838099175,"Monophyletic"
"Thraupidae",0.129826288610354,1.15641204680904,"Monophyletic"
"Thraupidae",0.146192711285996,1.20379238934665,"Monophyletic"
"Thraupidae",0.364375731655539,1.64072928844982,"Monophyletic"
"Thraupidae",0.313367751452811,1.56868793240769,"Monophyletic"
"Thraupidae",0.236474568459586,1.4438807470916,"Monophyletic"
"Thraupidae",0.150642412256226,1.22202032751357,"Monophyletic"
"Thraupidae",0.162653895788794,1.30000007130172,"Monophyletic"
"Thraupidae",0.125907811645213,1.15287347836158,"Monophyletic"
"Thraupidae",0.125907811645213,1.14254816989021,"Monophyletic"
"Thraupidae",0.188515706665331,1.27445337327833,"Monophyletic"
"Thraupidae",0.334832158869235,1.6001043172295,"Monophyletic"
"Thraupidae",0.252123611723758,1.46959173375128,"Monophyletic"
"Thraupidae",0.173650868671586,1.32648987392703,"Monophyletic"
"Thraupidae",0.136512260482029,1.17666207632165,"Monophyletic"
"Thraupidae",0.136512260482029,1.17528241613166,"Monophyletic"
"Thraupidae",0.172069381397718,1.32230087215123,"Monophyletic"
"Thraupidae",0.135171466014037,1.17725478293001,"Monophyletic"
"Thraupidae",0.144754702721575,1.26246311866068,"Monophyletic"
"Thraupidae",0.124484148467287,1.14909258403812,"Monophyletic"
"Thraupidae",0.125069194425712,1.14446760412148,"Monophyletic"
"Thraupidae",0.325029377845631,1.58607913678202,"Monophyletic"
"Thraupidae",0.306679683204949,1.56172931301589,"Monophyletic"
"Thraupidae",0.190444705705459,1.2912523444452,"Monophyletic"
"Thraupidae",0.270292449708375,1.50545288204037,"Monophyletic"
"Thraupidae",0.173812385241698,1.2778551137461,"Monophyletic"
"Thraupidae",0.173812385241698,1.27503880639623,"Monophyletic"
"Thraupidae",0.214525761442945,1.41278162714417,"Monophyletic"
"Thraupidae",0.125260856569317,1.21199312936033,"Monophyletic"
"Thraupidae",0.125260856569317,1.21152628227246,"Monophyletic"
"Thraupidae",0.403217798312332,1.69158853455237,"Monophyletic"
"Thraupidae",0.359667284562627,1.63410593742035,"Monophyletic"
"Thraupidae",0.203577624393611,1.29948937042346,"Monophyletic"
"Thraupidae",0.301331870702883,1.55063281438423,"Monophyletic"
"Thraupidae",0.184335667818486,1.29294100829246,"Monophyletic"
"Thraupidae",0.237376549353891,1.44608587168629,"Monophyletic"
"Thraupidae",0.158676666879838,1.29065507545686,"Monophyletic"
"Thraupidae",0.118899246816809,1.1268171882657,"Monophyletic"
"Thraupidae",0.118899246816809,1.12724132013437,"Monophyletic"
"Thraupidae",0.190841298783906,1.35990200478482,"Monophyletic"
"Thraupidae",0.145453735576881,1.19841131021056,"Monophyletic"
"Thraupidae",0.145453735576881,1.19935833435165,"Monophyletic"
"Thraupidae",0.357867138191406,1.63163288386838,"Monophyletic"
"Thraupidae",0.31194308204516,1.56685923136122,"Monophyletic"
"Thraupidae",0.279867926377532,1.51721140262723,"Monophyletic"
"Thraupidae",0.222097861710517,1.41853587933246,"Monophyletic"
"Thraupidae",0.148747059579305,1.19690135226143,"Monophyletic"
"Thraupidae",0.148747059579305,1.19582639466682,"Monophyletic"
"Thraupidae",0.179650840046598,1.26523164720598,"Monophyletic"
"Thraupidae",0.29568462524913,1.54239955237339,"Monophyletic"
"Thraupidae",0.241048983909724,1.45248855413748,"Monophyletic"
"Thraupidae",0.183962882755095,1.35117378760633,"Monophyletic"
"Thraupidae",0.141861237001179,1.19040022397682,"Monophyletic"
"Thraupidae",0.141861236993096,1.19696095949691,"Monophyletic"
"Thraupidae",0.153898853993444,1.2123069895323,"Monophyletic"
"Thraupidae",0.272236626084264,1.50531297856837,"Monophyletic"
"Thraupidae",0.227323017061682,1.42833639038479,"Monophyletic"
"Thraupidae",0.198508546442165,1.37382078202707,"Monophyletic"
"Thraupidae",0.151619167136077,1.20318499949075,"Monophyletic"
"Thraupidae",0.191254660182289,1.35932259757274,"Monophyletic"
"Thraupidae",0.149049177982634,1.20409682088951,"Monophyletic"
"Thraupidae",0.183699705796625,1.34392945107216,"Monophyletic"
"Thraupidae",0.17284432121805,1.32093202918417,"Monophyletic"
"Thraupidae",0.13965600496021,1.18993473374822,"Monophyletic"
"Thraupidae",0.141609448928024,1.17515030965773,"Monophyletic"
"Thraupidae",0.171525891822291,1.31835238799698,"Monophyletic"
"Thraupidae",0.138516980114192,1.17395535810554,"Monophyletic"
"Thraupidae",0.156269012682389,1.28460691543408,"Monophyletic"
"Thraupidae",0.131596454210906,1.16462878980501,"Monophyletic"
"Thraupidae",0.131596454210906,1.16445054801233,"Monophyletic"
"Thraupidae",0.155169520055345,1.22229753197183,"Monophyletic"
"Thraupidae",0.249178294278679,1.46736782265182,"Monophyletic"
"Thraupidae",0.231635324178476,1.43677847744876,"Monophyletic"
"Thraupidae",0.18833254200249,1.35575747121764,"Monophyletic"
"Thraupidae",0.155456533723127,1.2865407186001,"Monophyletic"
"Thraupidae",0.132361772903569,1.17241695815767,"Monophyletic"
"Thraupidae",0.143759108752136,1.26041554114025,"Monophyletic"
"Thraupidae",0.126267613717931,1.15060718681876,"Monophyletic"
"Thraupidae",0.126267613717931,1.16232502867796,"Monophyletic"
"Thraupidae",0.148377717108222,1.27046360225226,"Monophyletic"
"Thraupidae",0.126026546541548,1.15569998195506,"Monophyletic"
"Thraupidae",0.126026546541548,1.14798371435287,"Monophyletic"
"Thraupidae",0.210177788806591,1.41263520201893,"Monophyletic"
"Thraupidae",0.173150687817273,1.35658940150465,"Monophyletic"
"Thraupidae",0.131117197467805,1.19122436770959,"Monophyletic"
"Thraupidae",0.130719823836128,1.19465441410327,"Monophyletic"
"Thraupidae",0.175417551386906,1.61606869014845,"Monophyletic"
"Thraupidae",0.141947781108328,1.85377951740242,"Monophyletic"
"Thraupidae",0.124008201948778,1.74321479594341,"Monophyletic"
"Thraupidae",0.124008201948778,1.74492775996694,"Monophyletic"
"Thraupidae",0.132991615159761,12.1954518403599,"Monophyletic"
"Thraupidae",0.198406220005661,1.37232203050166,"Monophyletic"
"Thraupidae",0.136074163835615,1.1646262008546,"Monophyletic"
"Thraupidae",0.136074163835615,1.16452069213051,"Monophyletic"
"Thraupidae",0.280206566998835,1.51729585564486,"Monophyletic"
"Thraupidae",0.234691406576221,1.44224312355258,"Monophyletic"
"Thraupidae",0.224002776989065,1.42330617528005,"Monophyletic"
"Thraupidae",0.19597259068946,1.37002971505131,"Monophyletic"
"Thraupidae",0.152984512368342,1.27932658130906,"Monophyletic"
"Thraupidae",0.12432587666875,1.16582601416848,"Monophyletic"
"Thraupidae",0.12432587666875,1.15082770339899,"Monophyletic"
"Thraupidae",0.159771483018753,1.29418159304431,"Monophyletic"
"Thraupidae",0.130219856950803,1.17105104387557,"Monophyletic"
"Thraupidae",0.130219856950803,1.15771449791265,"Monophyletic"
"Thraupidae",0.161833398508526,1.22466934463149,"Monophyletic"
"Thraupidae",0.218643448626936,1.41320201846772,"Monophyletic"
"Thraupidae",0.20542211300018,1.38842953099869,"Monophyletic"
"Thraupidae",0.180044005134002,1.33759284054572,"Monophyletic"
"Thraupidae",0.137305353666982,1.24774033465511,"Monophyletic"
"Thraupidae",0.116595051047671,1.18445851580952,"Monophyletic"
"Thraupidae",0.116595051046964,1.13213489928767,"Monophyletic"
"Thraupidae",0.136473534957219,1.18189379671122,"Monophyletic"
"Thraupidae",0.175415012021951,1.32712786375371,"Monophyletic"
"Thraupidae",0.13264799559841,1.16189819338795,"Monophyletic"
"Thraupidae",0.132818431605027,1.16231903678865,"Monophyletic"
"Thraupidae",0.163063215430704,1.29993509427825,"Monophyletic"
"Thraupidae",0.131073084895524,1.13526941980069,"Monophyletic"
"Thraupidae",0.131073084895524,1.138274831101,"Monophyletic"
"Thraupidae",0.203903464843451,1.38631616599004,"Monophyletic"
"Thraupidae",0.141775307564742,1.18846280021037,"Monophyletic"
"Thraupidae",0.141775307564742,1.18598747758032,"Monophyletic"
"Thraupidae",0.399619538667764,1.68688027983255,"Monophyletic"
"Thraupidae",0.347722794709735,1.61792712172369,"Monophyletic"
"Thraupidae",0.201241145771857,1.31818322374565,"Monophyletic"
"Thraupidae",0.265535796181142,1.49293877685919,"Monophyletic"
"Thraupidae",0.199965792932924,1.37780862482686,"Monophyletic"
"Thraupidae",0.147681575306244,1.19310987491913,"Monophyletic"
"Thraupidae",0.160600903591257,1.29988659031611,"Monophyletic"
"Thraupidae",0.126816429563596,1.15738481559252,"Monophyletic"
"Thraupidae",0.126816429563596,1.15880675237645,"Monophyletic"
"Thraupidae",0.183084098245794,1.3429236653226,"Monophyletic"
"Thraupidae",0.134007209670258,1.16243048566703,"Monophyletic"
"Thraupidae",0.134007209670258,1.16613650182031,"Monophyletic"
"Thraupidae",0.352795197492074,1.62495778520396,"Monophyletic"
"Thraupidae",0.321296456824128,1.58055385139403,"Monophyletic"
"Thraupidae",0.298268430549742,1.54627112892672,"Monophyletic"
"Thraupidae",0.279216130856233,1.5167175111513,"Monophyletic"
"Thraupidae",0.269125606947205,1.50056016802398,"Monophyletic"
"Thraupidae",0.181967233393555,1.25907940909657,"Monophyletic"
"Thraupidae",0.251828354290721,1.47179831323667,"Monophyletic"
"Thraupidae",0.169471221530697,1.25599273033094,"Monophyletic"
"Thraupidae",0.213702426429232,1.40408456164327,"Monophyletic"
"Thraupidae",0.150280552845176,1.21222933449626,"Monophyletic"
"Thraupidae",0.150280552845176,1.19659783585983,"Monophyletic"
"Thraupidae",0.26156251727923,1.48811983994614,"Monophyletic"
"Thraupidae",0.226931471763175,1.42890435525727,"Monophyletic"
"Thraupidae",0.155774884353646,1.22764651606649,"Monophyletic"
"Thraupidae",0.155774884353646,1.21029348313398,"Monophyletic"
"Thraupidae",0.20772678537557,1.39115945874984,"Monophyletic"
"Thraupidae",0.140992228378238,1.18641937593592,"Monophyletic"
"Thraupidae",0.163987424927998,1.30350126249638,"Monophyletic"
"Thraupidae",0.137291415688351,1.18146559790462,"Monophyletic"
"Thraupidae",0.135195132823694,1.16756649937968,"Monophyletic"
"Thraupidae",0.188102767196915,1.29193750314447,"Monophyletic"
"Thraupidae",0.279350300101424,1.51683317666791,"Monophyletic"
"Thraupidae",0.214654437931566,1.40639553584167,"Monophyletic"
"Thraupidae",0.146593382205861,1.1978856136694,"Monophyletic"
"Thraupidae",0.147075102503019,1.21641332268955,"Monophyletic"
"Thraupidae",0.174365989456554,1.25682154282587,"Monophyletic"
"Thraupidae",0.306220178810881,1.57586335584916,"Monophyletic"
"Thraupidae",0.186227977157314,1.50744910511654,"Monophyletic"
"Thraupidae",0.189993410623319,1.32303956373853,"Monophyletic"
"Thraupidae",0.479315051496822,1.78316170789525,"Monophyletic"
"Thraupidae",0.392501471816067,1.67891385605415,"Monophyletic"
"Thraupidae",0.312054479534806,1.57012320656652,"Monophyletic"
"Thraupidae",0.189699530753944,1.29513358669853,"Monophyletic"
"Thraupidae",0.238676422204303,1.45412311844378,"Monophyletic"
"Thraupidae",0.151240807274276,1.21912364355996,"Monophyletic"
"Thraupidae",0.151240807274276,1.2175746862929,"Monophyletic"
"Thraupidae",0.28033796264387,1.5225333908876,"Monophyletic"
"Thraupidae",0.167301647493818,1.28365758908661,"Monophyletic"
"Thraupidae",0.201760373737318,1.39045711848171,"Monophyletic"
"Thraupidae",0.142850468483961,1.20352510638127,"Monophyletic"
"Thraupidae",0.142850468483961,1.19937674293702,"Monophyletic"
"Thraupidae",0.247566860375421,1.39298347198818,"Monophyletic"
"Thraupidae",0.517156178194071,1.82536792851016,"Monophyletic"
"Thraupidae",0.487206773331289,1.79071802462133,"Monophyletic"
"Thraupidae",0.321674759704119,1.57465013975813,"Monophyletic"
"Thraupidae",0.205148753813105,1.39149796880865,"Monophyletic"
"Thraupidae",0.154581169014046,1.22747984350685,"Monophyletic"
"Thraupidae",0.19303597332325,1.36821781795813,"Monophyletic"
"Thraupidae",0.151323066182813,1.21393941057994,"Monophyletic"
"Thraupidae",0.186423051009934,1.35504513130585,"Monophyletic"
"Thraupidae",0.181015579018016,1.34415492567742,"Monophyletic"
"Thraupidae",0.168513295274893,1.31841200460428,"Monophyletic"
"Thraupidae",0.156984243917011,1.29354596514158,"Monophyletic"
"Thraupidae",0.136200230859806,1.18720116916666,"Monophyletic"
"Thraupidae",0.148091069668538,1.27382896320743,"Monophyletic"
"Thraupidae",0.129908221809361,1.16765908578266,"Monophyletic"
"Thraupidae",0.134924821346372,1.24309711407921,"Monophyletic"
"Thraupidae",0.123793033197849,1.17018437030774,"Monophyletic"
"Thraupidae",0.123793033197849,1.15062507549176,"Monophyletic"
"Thraupidae",0.138029821662422,1.18807839304401,"Monophyletic"
"Thraupidae",0.146651509537899,1.20359262668294,"Monophyletic"
"Thraupidae",0.148922849102037,1.212472128836,"Monophyletic"
"Thraupidae",0.189923339550549,1.36165325919882,"Monophyletic"
"Thraupidae",0.142113841098733,1.18710940362436,"Monophyletic"
"Thraupidae",0.142113841098733,1.19571274542531,"Monophyletic"
"Thraupidae",0.44209943026955,1.80871757594444,"Monophyletic"
"Thraupidae",0.374794379594645,2.08215638106912,"Monophyletic"
"Thraupidae",0.322255335843392,2.27631703425697,"Monophyletic"
"Thraupidae",0.272314961680901,2.22667099861233,"Monophyletic"
"Thraupidae",0.171862781902091,2.07139275199329,"Monophyletic"
"Thraupidae",0.225574400613085,2.17517030796611,"Monophyletic"
"Thraupidae",0.161248454597291,2.22017049555131,"Monophyletic"
"Thraupidae",0.160833070271757,2.04305590796682,"Monophyletic"
"Thraupidae",0.298322075080027,2.25472416368648,"Monophyletic"
"Thraupidae",0.189009815068272,2.06394691374834,"Monophyletic"
"Thraupidae",0.269993383512174,2.22319875320362,"Monophyletic"
"Thraupidae",0.176865155623739,2.04644563213118,"Monophyletic"
"Thraupidae",0.233745336870825,2.17699497631812,"Monophyletic"
"Thraupidae",0.200334833595874,2.13055745155362,"Monophyletic"
"Thraupidae",0.163613318288693,2.07415914282627,"Monophyletic"
"Thraupidae",0.137076430741126,2.03172030077867,"Monophyletic"
"Thraupidae",0.124513202099398,1.9641348620455,"Monophyletic"
"Thraupidae",0.124513202099398,1.9707011184647,"Monophyletic"
"Thraupidae",0.128692615034896,1.97433737789321,"Monophyletic"
"Thraupidae",0.149405088849491,2.00420766859146,"Monophyletic"
"Thraupidae",0.189776903614363,2.11858678265333,"Monophyletic"
"Thraupidae",0.140785365837577,2.013374554654,"Monophyletic"
"Thraupidae",0.140785365837577,2.01227615444491,"Monophyletic"
"Thraupidae",0.322808136273464,2.27818987381867,"Monophyletic"
"Thraupidae",0.288595076625249,2.26245226924392,"Monophyletic"
"Thraupidae",0.203931004068394,4.39876376778905,"Monophyletic"
"Thraupidae",0.153635458349504,7.6081324411765,"Monophyletic"
"Thraupidae",0.142441135082453,10.4016249887747,"Monophyletic"
"Thraupidae",0.130743727167069,11.9816806730674,"Monophyletic"
"Thraupidae",0.130743727167069,11.9343103467373,"Monophyletic"
"Thraupidae",0.13668504591288,8.51664699248558,"Monophyletic"
"Thraupidae",0.142129800090259,6.67221652471762,"Monophyletic"
"Thraupidae",0.126192757583435,6.55370460136536,"Monophyletic"
"Thraupidae",0.126192757583435,6.55643285204637,"Monophyletic"
"Thraupidae",0.199676192917082,2.16047165406612,"Monophyletic"
"Thraupidae",0.144455531443678,2.00626683455224,"Monophyletic"
"Thraupidae",0.156296030705436,2.07317136303835,"Monophyletic"
"Thraupidae",0.149531136223184,2.06083877243464,"Monophyletic"
"Thraupidae",0.13808013118154,1.98631175670325,"Monophyletic"
"Thraupidae",0.144550549712278,1.9928468339681,"Monophyletic"
"Thraupidae",0.143126516536819,1.99784240165173,"Monophyletic"
"Thraupidae",0.200280672120879,2.08299781865101,"Monophyletic"
"Thraupidae",0.399203343914081,1.84304732699255,"Monophyletic"
"Thraupidae",0.355038067409045,1.80768727891683,"Monophyletic"
"Thraupidae",0.316108018156179,1.77166482188446,"Monophyletic"
"Thraupidae",0.196399673104341,1.59607485314601,"Monophyletic"
"Thraupidae",0.196295842332617,1.64153966745174,"Monophyletic"
"Thraupidae",0.172648564676982,1.49481195853836,"Monophyletic"
"Thraupidae",0.172648564676982,1.53163271483954,"Monophyletic"
"Thraupidae",0.290442171149639,1.74427760995825,"Monophyletic"
"Thraupidae",0.174960168959445,1.55034763945413,"Monophyletic"
"Thraupidae",0.242487664990449,1.69276172953635,"Monophyletic"
"Thraupidae",0.19393688782312,1.63799414337562,"Monophyletic"
"Thraupidae",0.13609860536992,1.58450114236998,"Monophyletic"
"Thraupidae",0.13609860536992,1.532398015664,"Monophyletic"
"Thraupidae",0.167976956963962,1.55663012826475,"Monophyletic"
"Thraupidae",0.360825475729003,1.81337667017877,"Monophyletic"
"Thraupidae",0.331123435974909,1.78667323302904,"Monophyletic"
"Thraupidae",0.301030384111057,1.76226565301549,"Monophyletic"
"Thraupidae",0.269949999741954,1.73546467088385,"Monophyletic"
"Thraupidae",0.176951591224783,1.58030235797857,"Monophyletic"
"Thraupidae",0.210803951729505,1.67028004221739,"Monophyletic"
"Thraupidae",0.145645652688303,1.5782631994146,"Monophyletic"
"Thraupidae",0.119005675250784,1.48415650054599,"Monophyletic"
"Thraupidae",0.119005675250784,1.4868698946236,"Monophyletic"
"Thraupidae",0.14202122233494,1.57004749187958,"Monophyletic"
"Thraupidae",0.263750779725493,1.734131420989,"Monophyletic"
"Thraupidae",0.190141308974674,1.64606601462575,"Monophyletic"
"Thraupidae",0.130082474332562,1.51751079833824,"Monophyletic"
"Thraupidae",0.135445708951868,1.56250924146989,"Monophyletic"
"Thraupidae",0.120808158781488,1.48796941177972,"Monophyletic"
"Thraupidae",0.120808158781488,1.49390817952985,"Monophyletic"
"Thraupidae",0.215470216119448,1.84921096798104,"Monophyletic"
"Thraupidae",0.183707435844261,2.13759835323353,"Monophyletic"
"Thraupidae",0.144536350799032,3.7828010029228,"Monophyletic"
"Thraupidae",0.144536350807219,2.15165794493978,"Monophyletic"
"Thraupidae",0.181474587661284,2.01760070177148,"Monophyletic"
"Thraupidae",0.173211016639469,1.96268586062236,"Monophyletic"
"Thraupidae",0.408444932050761,1.88316498989646,"Monophyletic"
"Thraupidae",0.409340441074381,1.91835466218712,"Monophyletic"
"Thraupidae",0.408163231768396,1.87165985132833,"Monophyletic"
"Thraupidae",0.408801329011846,1.91700594364273,"Monophyletic"
"Thraupidae",0.407909289717096,1.86687340131262,"Monophyletic"
"Thraupidae",0.407909289717657,1.86070454420189,"Monophyletic"
"Thraupidae",0.1588313457951,2.04742410643782,"Monophyletic"
"Thraupidae",0.129925455607501,2.30698307600016,"Monophyletic"
"Thraupidae",0.129925455607501,2.00387467340296,"Monophyletic"
"Thraupidae",0.266998248781825,1.7206562687147,"Monophyletic"
"Thraupidae",0.163199246104849,1.53800180650181,"Monophyletic"
"Thraupidae",0.194932572414099,1.63458293629999,"Monophyletic"
"Thraupidae",0.146246383623895,1.50813221866149,"Monophyletic"
"Thraupidae",0.141118671853551,1.51539506699503,"Monophyletic"
"Thraupidae",0.280140170547249,1.73356211551232,"Monophyletic"
"Thraupidae",0.163871387948613,1.55142632490782,"Monophyletic"
"Thraupidae",0.185405403487292,1.62758825697651,"Monophyletic"
"Thraupidae",0.132913243526217,1.52953186459334,"Monophyletic"
"Thraupidae",0.132913243526217,1.51029504239272,"Monophyletic"
"Thraupidae",0.510884406778398,1.81851462657414,"Monophyletic"
"Thraupidae",0.497722384376244,1.80395897192098,"Monophyletic"
"Thraupidae",0.443873907454196,1.74140010360459,"Monophyletic"
"Thraupidae",0.380988958039791,1.66312803456375,"Monophyletic"
"Thraupidae",0.35018544905472,1.6219083071694,"Monophyletic"
"Thraupidae",0.227578743369052,1.42934933484493,"Monophyletic"
"Thraupidae",0.149930327210036,1.16783732389041,"Monophyletic"
"Thraupidae",0.149930327210036,1.17826485051972,"Monophyletic"
"Thraupidae",0.289183136917739,1.53121381678498,"Monophyletic"
"Thraupidae",0.176839532642771,1.32331309402587,"Monophyletic"
"Thraupidae",0.128956722979138,1.12369311589151,"Monophyletic"
"Thraupidae",0.128956722979138,1.12769801112714,"Monophyletic"
"Thraupidae",0.171339315524746,1.25642036530807,"Monophyletic"
"Thraupidae",0.239135658067541,1.44525094108722,"Monophyletic"
"Thraupidae",0.132171999905502,1.17204497263805,"Monophyletic"
"Thraupidae",0.132692447715024,1.16680782517674,"Monophyletic"
"Thraupidae",0.308815196524769,1.56144219251238,"Monophyletic"
"Thraupidae",0.166469337910294,1.25050144216922,"Monophyletic"
"Thraupidae",0.166469337910294,1.24560110308696,"Monophyletic"
"Thraupidae",0.474299462690763,1.77707766257577,"Monophyletic"
"Thraupidae",0.43994259060708,1.73629281893088,"Monophyletic"
"Thraupidae",0.390365150764844,1.67438792083125,"Monophyletic"
"Thraupidae",0.21593378865584,1.33927745262679,"Monophyletic"
"Thraupidae",0.215495886390563,1.32655731395318,"Monophyletic"
"Thraupidae",0.288646453676643,1.52504496578069,"Monophyletic"
"Thraupidae",0.14960210678521,1.22230238318191,"Monophyletic"
"Thraupidae",0.14960210678521,1.21278396613442,"Monophyletic"
"Thraupidae",0.423269235942166,1.71592465243668,"Monophyletic"
"Thraupidae",0.362515875958615,1.63790695181045,"Monophyletic"
"Thraupidae",0.256307382402582,1.47725755532942,"Monophyletic"
"Thraupidae",0.14911384725301,1.20014468171397,"Monophyletic"
"Thraupidae",0.14911384725301,1.21278907947346,"Monophyletic"
"Thraupidae",0.263785799783842,1.48894621158223,"Monophyletic"
"Thraupidae",0.154281077488978,1.21243909625616,"Monophyletic"
"Thraupidae",0.154452500900895,1.21939209233724,"Monophyletic"
"Thraupidae",0.377601347499406,1.65839322984819,"Monophyletic"
"Thraupidae",0.360654383631495,1.63616162059635,"Monophyletic"
"Thraupidae",0.254115317900554,1.53569746553853,"Monophyletic"
"Thraupidae",0.143888563492212,1.3017908963482,"Monophyletic"
"Thraupidae",0.143888563492212,1.42474208874667,"Monophyletic"
"Thraupidae",0.342947206208056,1.61253826698625,"Monophyletic"
"Thraupidae",0.323961065150185,1.5861367319514,"Monophyletic"
"Thraupidae",0.244763379948575,1.49349599583652,"Monophyletic"
"Thraupidae",0.180085126450538,1.41954307127364,"Monophyletic"
"Thraupidae",0.142945931383978,1.27724317828635,"Monophyletic"
"Thraupidae",0.145884934943522,1.35167626120276,"Monophyletic"
"Thraupidae",0.118397561941637,1.2588984465127,"Monophyletic"
"Thraupidae",0.118397561941637,1.23465066611302,"Monophyletic"
"Thraupidae",0.148187147390976,1.6860476632354,"Monophyletic"
"Thraupidae",0.300726389151111,1.55218302567428,"Monophyletic"
"Thraupidae",0.18833337615819,1.28633896399153,"Monophyletic"
"Thraupidae",0.18833337615819,1.28599166910521,"Monophyletic"
"Thraupidae",0.205243924346939,1.3301734921322,"Monophyletic"
"Thraupidae",0.306040594234003,1.55607300752959,"Monophyletic"
"Thraupidae",0.236297745045001,1.44345639284572,"Monophyletic"
"Thraupidae",0.212419706748328,1.35892426823831,"Monophyletic"
"Thraupidae",0.193615405967367,1.28027298790518,"Monophyletic"
"Thraupidae",0.173247740430976,1.15701738800115,"Monophyletic"
"Thraupidae",0.176073016750824,1.23580643908782,"Monophyletic"
"Thraupidae",0.16478315016384,1.14473254886371,"Monophyletic"
"Thraupidae",0.16478315016384,1.13559034999124,"Monophyletic"
"Thraupidae",0.207566772528603,1.27262826862936,"Monophyletic"
"Thraupidae",0.203318172015011,1.15135585472325,"Monophyletic"
"Thraupidae",0.210810034267077,1.23738756703738,"Monophyletic"
"Thraupidae",0.205519069973342,1.22162553816619,"Monophyletic"
"Thraupidae",0.198290824055359,1.13672011574032,"Monophyletic"
"Thraupidae",0.198290824055359,1.12694208448562,"Monophyletic"
"Thraupidae",0.203539524421541,1.21513221305069,"Monophyletic"
"Thraupidae",0.196411130960423,1.12056194608312,"Monophyletic"
"Thraupidae",0.196411130960423,1.13182958894376,"Monophyletic"
"Thraupidae",0.172857969250035,1.23176068955936,"Monophyletic"
"Thraupidae",0.235417747243246,1.4425475856132,"Monophyletic"
"Thraupidae",0.163314222991348,1.22715333064739,"Monophyletic"
"Thraupidae",0.191447804655274,1.359483247746,"Monophyletic"
"Thraupidae",0.143904717095804,1.20147115548151,"Monophyletic"
"Thraupidae",0.140109274251809,1.18588037737529,"Monophyletic"
"Thraupidae",0.500203413064989,1.80669547650379,"Monophyletic"
"Thraupidae",0.487714914666728,1.7926450019023,"Monophyletic"
"Thraupidae",0.419458290101303,1.71102422929556,"Monophyletic"
"Thraupidae",0.353842875383952,1.6268469104607,"Monophyletic"
"Thraupidae",0.209982075201939,1.38734908109165,"Monophyletic"
"Thraupidae",0.301951453782859,1.55143626712537,"Monophyletic"
"Thraupidae",0.178605788406003,1.28382322975898,"Monophyletic"
"Thraupidae",0.231195925271035,1.43577599612564,"Monophyletic"
"Thraupidae",0.198304166166372,1.37500304556524,"Monophyletic"
"Thraupidae",0.151174606985858,1.20971589131176,"Monophyletic"
"Thraupidae",0.18982914409272,1.35817905174304,"Monophyletic"
"Thraupidae",0.181104121736702,1.34032648415565,"Monophyletic"
"Thraupidae",0.143719340192385,1.21338575815616,"Monophyletic"
"Thraupidae",0.143719340192385,1.19462874465455,"Monophyletic"
"Thraupidae",0.177101480323093,1.33416887494864,"Monophyletic"
"Thraupidae",0.161155669069792,1.30050159654755,"Monophyletic"
"Thraupidae",0.134193114755743,1.16373437888075,"Monophyletic"
"Thraupidae",0.134193114755743,1.17634288676731,"Monophyletic"
"Thraupidae",0.140305165978234,1.17868022268275,"Monophyletic"
"Thraupidae",0.155449118231741,1.28159173214804,"Monophyletic"
"Thraupidae",0.311097227307493,1.56475415309243,"Monophyletic"
"Thraupidae",0.190635294777916,1.34572312329039,"Monophyletic"
"Thraupidae",0.140275301288819,1.13437847345467,"Monophyletic"
"Thraupidae",0.140275301288819,1.13487784174542,"Monophyletic"
"Thraupidae",0.222929485153142,1.41993965810654,"Monophyletic"
"Thraupidae",0.147631321689385,1.19880716814232,"Monophyletic"
"Thraupidae",0.147631321689385,1.20409897302693,"Monophyletic"
"Thraupidae",0.478941355180373,1.78268932382376,"Monophyletic"
"Thraupidae",0.466781570813414,1.768702519893,"Monophyletic"
"Thraupidae",0.424105549546105,1.71747733520542,"Monophyletic"
"Thraupidae",0.367450437288363,1.64502907840542,"Monophyletic"
"Thraupidae",0.336387182925863,1.60249348457907,"Monophyletic"
"Thraupidae",0.206322589952875,1.2948199381662,"Monophyletic"
"Thraupidae",0.232254655984949,1.43474098599575,"Monophyletic"
"Thraupidae",0.135766284095889,1.17557514193981,"Monophyletic"
"Thraupidae",0.135766284095889,1.17475994799773,"Monophyletic"
"Thraupidae",0.332550316921202,1.59713898045718,"Monophyletic"
"Thraupidae",0.291925865362321,1.53668515143859,"Monophyletic"
"Thraupidae",0.233704035769347,1.44277581912597,"Monophyletic"
"Thraupidae",0.164066630785364,1.3079874125614,"Monophyletic"
"Thraupidae",0.122485981692035,1.1495329024396,"Monophyletic"
"Thraupidae",0.122485981692035,1.1412372465587,"Monophyletic"
"Thraupidae",0.174320411970764,1.33962876813829,"Monophyletic"
"Thraupidae",0.130895765130771,1.25459580577375,"Monophyletic"
"Thraupidae",0.130895765130771,1.21770324332117,"Monophyletic"
"Thraupidae",0.257878176264443,1.48251451675791,"Monophyletic"
"Thraupidae",0.230315795008026,1.43494710915423,"Monophyletic"
"Thraupidae",0.195312237025011,1.36920430601859,"Monophyletic"
"Thraupidae",0.145897840722366,1.2026846479022,"Monophyletic"
"Thraupidae",0.145913650611454,1.19382507871647,"Monophyletic"
"Thraupidae",0.161685649945158,1.30131904101862,"Monophyletic"
"Thraupidae",0.118253855416343,1.14551554216115,"Monophyletic"
"Thraupidae",0.118253855416343,1.14371987723534,"Monophyletic"
"Thraupidae",0.173652111439095,1.25383984981529,"Monophyletic"
"Thraupidae",0.306223718685402,1.55851189636069,"Monophyletic"
"Thraupidae",0.263140892596735,1.48985093468216,"Monophyletic"
"Thraupidae",0.223131053030032,1.42102524235707,"Monophyletic"
"Thraupidae",0.158594500914401,1.2152936585129,"Monophyletic"
"Thraupidae",0.196285054951436,1.37008160900761,"Monophyletic"
"Thraupidae",0.174125632699506,1.32405610805573,"Monophyletic"
"Thraupidae",0.163086031344906,1.29657421229036,"Monophyletic"
"Thraupidae",0.155347018896173,1.27928478632172,"Monophyletic"
"Thraupidae",0.136153700285662,1.23402045055328,"Monophyletic"
"Thraupidae",0.119281638368243,1.12802857607645,"Monophyletic"
"Thraupidae",0.119281638368243,1.12147869233264,"Monophyletic"
"Thraupidae",0.149369468859907,1.26558172971999,"Monophyletic"
"Thraupidae",0.131369320471349,1.15344317468639,"Monophyletic"
"Thraupidae",0.131369320479066,1.15111172595475,"Monophyletic"
"Thraupidae",0.136846687454774,1.17612595041113,"Monophyletic"
"Thraupidae",0.140818469437404,1.17513754326558,"Monophyletic"
"Thraupidae",0.146478204537845,1.3301825648849,"Monophyletic"
"Thraupidae",0.229271100605616,1.43205938471382,"Monophyletic"
"Thraupidae",0.196797104708227,1.37048153896916,"Monophyletic"
"Thraupidae",0.169401165888074,1.31492706526229,"Monophyletic"
"Thraupidae",0.139410105511459,1.18733874083647,"Monophyletic"
"Thraupidae",0.139410105511459,1.18376562528686,"Monophyletic"
"Thraupidae",0.159205048387446,1.2923299290212,"Monophyletic"
"Thraupidae",0.130500042314531,1.15863028154112,"Monophyletic"
"Thraupidae",0.130500042314531,1.15838358276246,"Monophyletic"
"Thraupidae",0.163457719767985,1.23627080477728,"Monophyletic"
"Thraupidae",0.2825999643038,1.52208987438854,"Monophyletic"
"Thraupidae",0.235244256411037,1.44220526088153,"Monophyletic"
"Thraupidae",0.182819597720602,1.34303664430564,"Monophyletic"
"Thraupidae",0.139114254743268,1.17861762967368,"Monophyletic"
"Thraupidae",0.139114254743268,1.17609454454125,"Monophyletic"
"Thraupidae",0.159419548815647,1.29270082893159,"Monophyletic"
"Thraupidae",0.11978982383125,1.13038717857129,"Monophyletic"
"Thraupidae",0.11978982383125,1.14162799519299,"Monophyletic"
"Thraupidae",0.252599728081298,1.47296056040454,"Monophyletic"
"Thraupidae",0.214158939744107,1.40353748802007,"Monophyletic"
"Thraupidae",0.154559364792038,1.20378842593701,"Monophyletic"
"Thraupidae",0.195778179488747,1.36611955157923,"Monophyletic"
"Thraupidae",0.187694869841264,1.34940276934612,"Monophyletic"
"Thraupidae",0.16746875015681,1.30565446886613,"Monophyletic"
"Thraupidae",0.136351909202523,1.17515675426197,"Monophyletic"
"Thraupidae",0.141170869588156,1.24469025713987,"Monophyletic"
"Thraupidae",0.132429307692137,1.13058796300366,"Monophyletic"
"Thraupidae",0.132429307692137,1.12986795956757,"Monophyletic"
"Thraupidae",0.148835091782058,1.20803952810315,"Monophyletic"
"Thraupidae",0.159062104677607,1.2848933980531,"Monophyletic"
"Thraupidae",0.123729910968626,1.12917280072886,"Monophyletic"
"Thraupidae",0.123729910968626,1.12960095188354,"Monophyletic"
"Thraupidae",0.194242916122976,1.365361191492,"Monophyletic"
"Thraupidae",0.136643511654945,1.17178088725965,"Monophyletic"
"Thraupidae",0.136592921236401,1.17761883873751,"Monophyletic"
"Thraupidae",0.330382619168018,1.5929605664219,"Monophyletic"
"Thraupidae",0.184503518119868,1.27548030902108,"Monophyletic"
"Thraupidae",0.184503518119868,1.27437202313277,"Monophyletic"
"Thraupidae",0.450840199087497,1.75003039169998,"Monophyletic"
"Thraupidae",0.420904976944438,1.71375622154357,"Monophyletic"
"Thraupidae",0.229470811783597,1.36651317741999,"Monophyletic"
"Thraupidae",0.331304913805798,1.593384455925,"Monophyletic"
"Thraupidae",0.264056228896156,1.49243036844477,"Monophyletic"
"Thraupidae",0.218057235141022,1.41139041065495,"Monophyletic"
"Thraupidae",0.172352252883195,1.32191623565732,"Monophyletic"
"Thraupidae",0.137609561597591,1.17894328817037,"Monophyletic"
"Thraupidae",0.137609561597591,1.17777774049445,"Monophyletic"
"Thraupidae",0.146864537378154,1.20635211839747,"Monophyletic"
"Thraupidae",0.243280011720307,1.45730145571442,"Monophyletic"
"Thraupidae",0.166195411954219,1.23541926948894,"Monophyletic"
"Thraupidae",0.219097197054885,1.42337760926715,"Monophyletic"
"Thraupidae",0.204316556394163,1.39932787094512,"Monophyletic"
"Thraupidae",0.15399378535516,1.2557356401719,"Monophyletic"
"Thraupidae",0.183968505828517,1.35953712650723,"Monophyletic"
"Thraupidae",0.140658087106481,1.1994283629862,"Monophyletic"
"Thraupidae",0.140658087106481,1.21927859437254,"Monophyletic"
"Thraupidae",0.177012455922612,1.35064127916868,"Monophyletic"
"Thraupidae",0.131601420610928,1.18880616992661,"Monophyletic"
"Thraupidae",0.131601420610928,1.19159749134885,"Monophyletic"
"Thraupidae",0.253313821219991,1.47420346378787,"Monophyletic"
"Thraupidae",0.199677933783824,1.37685501015139,"Monophyletic"
"Thraupidae",0.15880375072875,1.29294544068291,"Monophyletic"
"Thraupidae",0.142346834886442,1.2545712067463,"Monophyletic"
"Thraupidae",0.124768240138668,1.14189012836565,"Monophyletic"
"Thraupidae",0.124768240138668,1.13844456657432,"Monophyletic"
"Thraupidae",0.132577674117226,1.16053998967799,"Monophyletic"
"Thraupidae",0.13982839933262,1.18749517285069,"Monophyletic"
"Thraupidae",0.168860394601663,1.25379884523532,"Monophyletic"
"Thraupidae",0.356673041952924,1.62789315513642,"Monophyletic"
"Thraupidae",0.186892653684426,1.28049557665159,"Monophyletic"
"Thraupidae",0.248644452132334,1.46605803119922,"Monophyletic"
"Thraupidae",0.16105646676047,1.24002011156017,"Monophyletic"
"Thraupidae",0.182319563892655,1.34631687995565,"Monophyletic"
"Thraupidae",0.132896265853947,1.17671093665597,"Monophyletic"
"Thraupidae",0.132896265853947,1.18835009823338,"Monophyletic"
"Thraupidae",0.465850053972395,1.76834749316373,"Monophyletic"
"Thraupidae",0.462969709370358,1.69639133433273,"Monophyletic"
"Thraupidae",0.672057629559988,1.63053212292273,"Monophyletic"
"Thraupidae",0.752468962619573,1.59709725608744,"Monophyletic"
"Thraupidae",0.748363739435954,1.57741009535011,"Monophyletic"
"Thraupidae",0.736233383143744,1.56551503403155,"Monophyletic"
"Thraupidae",0.726098431614482,1.55547238059129,"Monophyletic"
"Thraupidae",0.706120934518049,1.53889297497727,"Monophyletic"
"Thraupidae",0.678407799562123,1.51260308960637,"Monophyletic"
"Thraupidae",0.659918945979474,1.49334562186228,"Monophyletic"
"Thraupidae",0.628089070576934,1.43453046253257,"Monophyletic"
"Thraupidae",0.628089070576934,1.40532842239558,"Monophyletic"
"Thraupidae",0.635020262784247,1.42502687157346,"Monophyletic"
"Thraupidae",0.651307896438494,1.49761304548414,"Monophyletic"
"Thraupidae",0.609934293161758,1.43707638978331,"Monophyletic"
"Thraupidae",0.609934293161758,1.45036117511767,"Monophyletic"
"Thraupidae",0.703961964322188,1.53308335675748,"Monophyletic"
"Thraupidae",0.665735353909827,1.51280774931885,"Monophyletic"
"Thraupidae",0.625162059497177,1.45129832033931,"Monophyletic"
"Thraupidae",0.625162059497177,1.58081109875774,"Monophyletic"
"Thraupidae",0.657637158304805,1.48448524608119,"Monophyletic"
"Thraupidae",0.61763967841515,1.39011752200442,"Monophyletic"
"Thraupidae",0.62679019862803,1.4511524981113,"Monophyletic"
"Thraupidae",0.613519469733525,1.38388232756673,"Monophyletic"
"Thraupidae",0.613519469733525,1.3823356899981,"Monophyletic"
"Thraupidae",0.720034987914572,1.54928202012874,"Monophyletic"
"Thraupidae",0.654004910889241,1.43927770932654,"Monophyletic"
"Thraupidae",0.659672504456144,1.48809638642014,"Monophyletic"
"Thraupidae",0.608619306041233,1.3850531694299,"Monophyletic"
"Thraupidae",0.608619306041233,1.38475159532159,"Monophyletic"
"Thraupidae",0.703967162946946,1.53297978252595,"Monophyletic"
"Thraupidae",0.6349005733276,1.41227068370677,"Monophyletic"
"Thraupidae",0.6349005733276,1.41238314797618,"Monophyletic"
"Thraupidae",0.742974181254469,1.5777432353773,"Monophyletic"
"Thraupidae",0.710964353290301,1.55055822650279,"Monophyletic"
"Thraupidae",0.809412694790299,1.49482076182956,"Monophyletic"
"Thraupidae",1.33779961699378,1.45358062259306,"Monophyletic"
"Thraupidae",1.35641488493424,1.44452275720733,"Monophyletic"
"Thraupidae",1.35330451596123,1.44149789272345,"Monophyletic"
"Thraupidae",1.35125450989354,1.43938978391461,"Monophyletic"
"Thraupidae",1.34976195476491,1.38368692326387,"Monophyletic"
"Thraupidae",1.34976195476491,1.38615219645551,"Monophyletic"
"Thraupidae",1.35166709905661,1.4396852085692,"Monophyletic"
"Thraupidae",1.3511129340155,1.43907111286576,"Monophyletic"
"Thraupidae",1.34995677920626,1.40473305136349,"Monophyletic"
"Thraupidae",1.34995677920656,1.39251644200077,"Monophyletic"
"Thraupidae",1.3501735683419,1.38383146034672,"Monophyletic"
"Thraupidae",1.35180711596828,1.38778382659846,"Monophyletic"
"Thraupidae",1.35360659555654,1.40536474894137,"Monophyletic"
"Thraupidae",1.25629875030315,1.39282596554569,"Monophyletic"
"Thraupidae",0.645676640965431,1.4981649436457,"Monophyletic"
"Thraupidae",0.715647452521905,1.55536389389439,"Monophyletic"
"Thraupidae",0.657673413279754,1.49557373786239,"Monophyletic"
"Thraupidae",0.61287076219289,1.44879716340587,"Monophyletic"
"Thraupidae",0.605694135858073,1.39248158145056,"Monophyletic"
"Thraupidae",0.605694135858073,1.38752094647906,"Monophyletic"
"Thraupidae",0.611761534358997,1.40349571720755,"Monophyletic"
"Thraupidae",0.649872167840046,1.47036920704446,"Monophyletic"
"Thraupidae",0.688942552767735,3.12544193378397,"Monophyletic"
"Thraupidae",0.626526755189219,5.14304707528583,"Monophyletic"
"Thraupidae",0.63043309458128,5.49409676843588,"Monophyletic"
"Thraupidae",0.614540307699832,5.8685381441128,"Monophyletic"
"Thraupidae",0.614540307699832,6.23910718157164,"Monophyletic"
"Thraupidae",0.50995496960436,1.47691583896657,"Monophyletic"
"Thraupidae",0.377904583719965,1.6629453063522,"Monophyletic"
"Thraupidae",0.203439173601818,1.30057071059623,"Monophyletic"
"Thraupidae",0.30532449394063,1.55557847563585,"Monophyletic"
"Thraupidae",0.196775525886617,1.30903326969196,"Monophyletic"
"Thraupidae",0.281874767357455,1.51961117797024,"Monophyletic"
"Thraupidae",0.27992803417137,1.45728058180192,"Monophyletic"
"Thraupidae",0.25534412554444,1.24206465495924,"Monophyletic"
"Thraupidae",0.326276345442193,1.40915786228153,"Monophyletic"
"Thraupidae",0.355602338867561,1.39481653393495,"Monophyletic"
"Thraupidae",0.316144519145437,1.25662504913132,"Monophyletic"
"Thraupidae",0.383849650756671,1.37837414776835,"Monophyletic"
"Thraupidae",0.349874052114796,1.21283210656546,"Monophyletic"
"Thraupidae",0.505314633058038,1.33835627479747,"Monophyletic"
"Thraupidae",0.699953400172622,1.29643153064159,"Monophyletic"
"Thraupidae",0.778085786827047,1.27615421061612,"Monophyletic"
"Thraupidae",0.761689459926984,1.18996447791871,"Monophyletic"
"Thraupidae",0.764343674587328,1.17301743866043,"Monophyletic"
"Thraupidae",0.805014666520384,1.27202497360824,"Monophyletic"
"Thraupidae",0.886165141686769,1.25503700131613,"Monophyletic"
"Thraupidae",0.916335128906033,1.16971499530554,"Monophyletic"
"Thraupidae",0.919377533136254,1.24162521187864,"Monophyletic"
"Thraupidae",0.914041338931839,1.17510800528973,"Monophyletic"
"Thraupidae",0.916219232088312,1.23597402108554,"Monophyletic"
"Thraupidae",0.914971249606948,1.29786511027416,"Monophyletic"
"Thraupidae",0.912804224086405,1.23418189111498,"Monophyletic"
"Thraupidae",0.914257900238912,1.30111716142744,"Monophyletic"
"Thraupidae",0.912506427109421,1.26960754828393,"Monophyletic"
"Thraupidae",0.913266520660564,1.30312282683105,"Monophyletic"
"Thraupidae",0.911818656141763,1.24820619070503,"Monophyletic"
"Thraupidae",0.911818656141763,1.56433330228362,"Monophyletic"
"Thraupidae",0.913214739582803,1.17453935879862,"Monophyletic"
"Thraupidae",0.862910127856443,1.17002739951366,"Monophyletic"
"Thraupidae",0.618847607346525,1.28425135926332,"Monophyletic"
"Thraupidae",0.595750072641006,1.17330567707032,"Monophyletic"
"Thraupidae",0.595750072641006,1.17454361936306,"Monophyletic"
"Thraupidae",0.296209731764203,1.30615997458315,"Monophyletic"
"Thraupidae",0.271018639542915,1.14689434686633,"Monophyletic"
"Thraupidae",0.271018639542915,1.15105599476554,"Monophyletic"
"Thraupidae",0.260866705784888,1.48594717416592,"Monophyletic"
"Thraupidae",0.180446388580816,1.26536723913796,"Monophyletic"
"Thraupidae",0.240137544504049,1.4541498493501,"Monophyletic"
"Thraupidae",0.169461415602204,1.26279524092421,"Monophyletic"
"Thraupidae",0.169461415602204,1.25953272501989,"Monophyletic"
"Thraupidae",0.26129197486273,1.3859182672772,"Monophyletic"
"Thraupidae",0.412759229967472,1.89062338906359,"Monophyletic"
"Thraupidae",0.307018312814254,1.73713263620821,"Monophyletic"
"Thraupidae",0.193134909537611,1.44467117114068,"Monophyletic"
"Thraupidae",0.226470119307843,1.59028413852956,"Monophyletic"
"Thraupidae",0.139551242688532,1.31893041270981,"Monophyletic"
"Thraupidae",0.139551242688532,1.33478044016457,"Monophyletic"
"Thraupidae",0.198340052460173,1.45292884704787,"Monophyletic"
"Emberizidae",0.451558518074161,4.77014670725328,"Monophyletic"
"Emberizidae",0.365189814721063,4.53655077554202,"Monophyletic"
"Emberizidae",0.307326627481123,4.35983975455556,"Monophyletic"
"Emberizidae",0.243140876074953,4.12868144805959,"Monophyletic"
"Emberizidae",0.180529773904908,3.86459238733404,"Monophyletic"
"Emberizidae",0.15563675784993,3.74219593408875,"Monophyletic"
"Emberizidae",0.131976847006208,3.43102223690641,"Monophyletic"
"Emberizidae",0.131976847006208,3.45860659994185,"Monophyletic"
"Emberizidae",0.13754283435573,3.47405092194199,"Monophyletic"
"Emberizidae",0.15427020171719,3.5517796386324,"Monophyletic"
"Emberizidae",0.279800497533994,4.26690019226748,"Monophyletic"
"Emberizidae",0.257334120546516,4.18601088525459,"Monophyletic"
"Emberizidae",0.228751965133797,4.07948133204824,"Monophyletic"
"Emberizidae",0.164988496457959,3.79193692472903,"Monophyletic"
"Emberizidae",0.120735541158086,3.41194658132351,"Monophyletic"
"Emberizidae",0.120735541158086,3.386930996719,"Monophyletic"
"Emberizidae",0.158930499486654,3.58146376674549,"Monophyletic"
"Emberizidae",0.215300994023567,4.02297538532945,"Monophyletic"
"Emberizidae",0.148477885392096,3.55636496194518,"Monophyletic"
"Emberizidae",0.150639473009975,3.72491214716803,"Monophyletic"
"Emberizidae",0.137234612445861,3.37721553367592,"Monophyletic"
"Emberizidae",0.137234612445861,3.38385430077512,"Monophyletic"
"Emberizidae",0.181301016214617,3.70600082543926,"Monophyletic"
"Emberizidae",0.294491058374568,4.3175762449695,"Monophyletic"
"Emberizidae",0.18077234784852,3.68355299508713,"Monophyletic"
"Emberizidae",0.18077234784852,3.67328629622602,"Monophyletic"
"Emberizidae",0.31521261788264,4.40855879293437,"Monophyletic"
"Emberizidae",0.211274008143965,4.1021915532073,"Monophyletic"
"Emberizidae",0.148744520856899,3.68342710574398,"Monophyletic"
"Emberizidae",0.148892577200572,3.79611375118795,"Monophyletic"
"Emberizidae",0.168904384692605,3.72569445159797,"Monophyletic"
"Emberizidae",0.480017216817791,4.84059041043304,"Monophyletic"
"Emberizidae",0.37857010640657,4.56992230370099,"Monophyletic"
"Emberizidae",0.262212702834265,4.20090044520312,"Monophyletic"
"Emberizidae",0.214454150071874,4.01553272083467,"Monophyletic"
"Emberizidae",0.156014810365964,3.55179698235046,"Monophyletic"
"Emberizidae",0.197363010398087,3.94184869717146,"Monophyletic"
"Emberizidae",0.149841661606191,3.53222027983873,"Monophyletic"
"Emberizidae",0.149841661606191,3.52638145668489,"Monophyletic"
"Emberizidae",0.164026990607038,3.60398152793031,"Monophyletic"
"Emberizidae",0.27061463213641,4.23516242442357,"Monophyletic"
"Emberizidae",0.170127221595101,3.63515672134297,"Monophyletic"
"Emberizidae",0.170127221595101,3.64214143418532,"Monophyletic"
"Emberizidae",0.389104059744007,4.60022796352719,"Monophyletic"
"Emberizidae",0.269000460660233,4.22134374349614,"Monophyletic"
"Emberizidae",0.217772318188988,4.02557578637666,"Monophyletic"
"Emberizidae",0.200581151166456,3.95163152404114,"Monophyletic"
"Emberizidae",0.181983216012616,3.87066794057134,"Monophyletic"
"Emberizidae",0.152967218900585,3.49488302251024,"Monophyletic"
"Emberizidae",0.143800472304875,3.49467665846977,"Monophyletic"
"Emberizidae",0.148969150424538,3.55097107055522,"Monophyletic"
"Emberizidae",0.211042846716825,3.99709743585485,"Monophyletic"
"Emberizidae",0.191403914759477,3.90900537416985,"Monophyletic"
"Emberizidae",0.143449539016606,3.48582515461363,"Monophyletic"
"Emberizidae",0.17025453060921,3.80923496039406,"Monophyletic"
"Emberizidae",0.138909746179927,3.4711227154278,"Monophyletic"
"Emberizidae",0.13905727199456,3.46387483827483,"Monophyletic"
"Emberizidae",0.194341654029934,3.92416271860492,"Monophyletic"
"Emberizidae",0.145908068557641,3.50496550000565,"Monophyletic"
"Emberizidae",0.145908068557641,3.51482356708075,"Monophyletic"
"Emberizidae",0.163026719882351,3.59417589424514,"Monophyletic"
"Emberizidae",0.310977394559364,4.37071151168161,"Monophyletic"
"Emberizidae",0.28306702548794,4.27839690432694,"Monophyletic"
"Emberizidae",0.180757842740531,3.69936320359986,"Monophyletic"
"Emberizidae",0.225143626562587,4.06277290542316,"Monophyletic"
"Emberizidae",0.148942950064577,3.5284599869735,"Monophyletic"
"Emberizidae",0.148908944771593,3.52495435757338,"Monophyletic"
"Emberizidae",0.271371803352788,4.23566704881793,"Monophyletic"
"Emberizidae",0.172180727059489,3.65217658417853,"Monophyletic"
"Emberizidae",0.172746497284374,3.63245806458115,"Monophyletic"
"Mitrospingidae",0.274629320514678,4.00656573294662,"Monophyletic"
"Mitrospingidae",0.393333324179174,4.60432532723982,"Monophyletic"
"Mitrospingidae",0.1839925891152,3.71654366020174,"Monophyletic"
"Mitrospingidae",0.1839925891152,3.69897876956695,"Monophyletic"
"Phaenicophilidae",0.329744473612527,4.42998400030045,"Monophyletic"
"Phaenicophilidae",0.178138922968818,3.66408097789291,"Monophyletic"
"Phaenicophilidae",0.178138922968818,3.67749030553704,"Monophyletic"
"Phaenicophilidae",0.231557582758632,3.87097311863383,"Monophyletic"
"Icteriidae",0.413394841606041,3.93620059097695,"Monospecific"
"Rhodinocichlidae",0.352440880453459,4.3139428363189,"Monospecific"
"Calyptophilidae",0.328387982055832,4.16226565424125,"Monospecific"
"Zeledonidae",0.265102862379199,3.97984422364111,"Monospecific"
"Teretistridae",0.265102862379199,3.96127897732703,"Monospecific"
"Spindalidae",0.285679201884634,3.98970793767266,"Monospecific"
